forma_normalizada,variantes,rol,fechas,bibliografia,cajas,n_llave,n_llave_via,origen,verificado
Juan de Dios Mena,"Capataz; ""el gaucho Mena""; Mena; Juan D. Dios","Escultor, poeta, cofundador y ""Capataz"" del Fogón de los Arrieros",1897-1954 (residente en EFDA desde 1944),"Giordano (1999, 2005, 2012); Cantero & Giordano (2015)",R015; R016; R089; R090; R091; R092; R093,1,cruce exacto con libro_llaves,equipo,si
Aldo Boglietti,Peón; Aldo Rulito Boglietti; Peón Aldo; Bacan,"Comerciante rosarino, fundador principal, animador cultural y ""Peón"" de EFDA",1908-1979 (funda EFDA en 1943/1944),Arqueros (2015); Cantero & Giordano (2015); Cantero (2016),R015; R016; R020; R134; R140,11,cruce exacto con libro_llaves,equipo,si
Efraín Boglietti,Efraín; Efraín Boglietti,"Cofundador, gestor y Presidente del Consejo Directivo de la Fundación EFDA",Vinculado desde 1943/1944; Presidente institucional (fallecido en 1991),Reyero (2013); Cantero (2016),R015; R016; R018; R134; R144,3,cruce exacto con libro_llaves,equipo,si
Hilda Torres Varela,Hilda; B. Torres Varela; Hilda.,"Escritora, Directora de Teatro, Presidenta y Consejera del Consejo Directivo de EFDA (Llave 13)",Vinculada desde la década de 1950 (fallecida en 2002),Torres Varela (1979); Arqueros (2015); Cantero (2016),R016; R030; R134; R138,13,rol,equipo,si
René Brusau,René Brusau; Brusau,"Pintor vanguardista, diseñador del solado e intervenciones pictóricas sobre soportes funcionales (Llave 157)",1923-1956,Catálogo EFDA (2018); Cantero & Giordano (2015),R016; R066; R134,157,rol,equipo,si
Humberto Horacio Mascheroni,Arq. Horacio Mascheroni; Humberto Mascheroni,Arquitecto proyectista del edificio definitivo de EFDA (Brown 350) y Tesorero de la institución (Llave 78),Proyectó el edificio en 1952-1955; Tesorero hasta 1995,"Bernardi (2000, 2002); Catálogo EFDA (2018, 2022)",R015; R016; R030; R134,78,rol,equipo,si
Julio Vanzo,Vanzo; J. Vanzo,"Pintor rosarino, autor del mural del frente (""Mano abierta"") y retratos en EFDA",Frecuentó EFDA entre las décadas de 1940 y 1970,"Catálogo EFDA (2018, 2022); Cantero (2016)",R015; R072; R134,122,cruce exacto con libro_llaves,equipo,si
Rodrigo Bonome,"Don Rodrigo Bonome; ""El Cid Hablador""; Bonome","Pintor, ensayista, gestor-facilitador en Buenos Aires y autor de columnas/puertas pintadas en EFDA",1906-1990,"Cantero & Giordano (2015); Catálogo EFDA (2018, 2022)",R016; R021; R134,127,cruce exacto con libro_llaves,equipo,si
Víctor Marchese,Marchese; V. Marchese,"Escultor, gestor-facilitador en Buenos Aires, autor de terracotas en la estufa de EFDA (Llave 29)",Vinculado desde la década de 1940,"Reyero (2013); Cantero, Reyero & Giordano (2025)",R016; R074; R134,29,rol,equipo,si
Avelino M. Hermida,Hermida; A. M. Hermida,"Empresario maderero, gestor-facilitador de EFDA en Rosario (Llave 116)",Décadas de 1950 y 1960,"Cantero, Reyero & Giordano (2025)",R016; R027; R134,116,rol,equipo,si
Carlos Schenone,Schenone; C. Schenone,"Pintor, fotógrafo e integrante del núcleo pionero del Ateneo del Chaco y EFDA (Llave 92)",Décadas de 1940 y 1950,Reyero (2013); Catálogo EFDA (2022),R016; R020; R134,92,rol,equipo,si
José Zali,Zali; Zaci José,"Pintor, integrante del círculo inicial y retratista de Schenone (Llave 9)",Décadas de 1940 y 1950,Reyero (2013); Catálogo EFDA (2022),R016; R072; R134,9,rol,equipo,si
Grete Stern,Stern; Grete,"Fotógrafa alemana, realizadora de la primera serie fotográfica documental de EFDA",Década de 1950,Catálogo EFDA (2018),R015; R134,231,cruce exacto con libro_llaves,equipo,si
Fernando Arranz López,F. Arranz; Fernando Arranz,"Ceramista y pintor español, creador de piezas cerámicas y columnas decoradas en EFDA",1906-1967 (intervención en EFDA en 1958),Cantero & Giordano (2015); Catálogo EFDA (2022),R082; R134,227,cruce exacto con libro_llaves,equipo,si
Gyula Kosice,Kosice; Kósice,"Escultor hidráulico, cofundador del Movimiento MADÍ y colaborador del Boletín (Llave 82)",Décadas de 1950 y 1960,Cantero (2016),R016; R028; R134,82,rol,equipo,si
Raúl González Tuñón,González Tuñón; Tuñón,"Poeta y escritor, visitante ilustre y colaborador de EFDA (Llave 5)",Décadas de 1940 a 1960,Giordano (2012); Cantero (2016),R015; R016; R134,5,rol,equipo,si
Alfredo Veiravé,Veiravé; Alfredo,"Poeta, profesor universitario en la UNNE y difusor cultural de EFDA",Vinculado desde 1958,Giordano (2012),R015; R037; R134,235,cruce exacto con libro_llaves,equipo,si
Jacobo Finkelstein,Dr. Finkelstein; Finkelstein,"Médico, integrante del grupo fundador pionero y colaborador del Boletín (Llave 18)",Décadas de 1940 a 1970,Cantero (2016),R015; R016; R134,18,rol,equipo,si
Adolfo Petraglia,Petraglia; Dr. Petraglia,"Químico, actor del Teatro Experimental de EFDA y Presidente del Ateneo del Chaco (Llave 35)",Décadas de 1940 a 1970,Maluf de Masramón (1980); Cantero (2016),R016; R134; R160,35,rol,equipo,si
Moisés L. Penchansky,Dr. Penchansky; Penchausky; Moises,"Abogado, vocal del Consejo Directivo de la Fundación EFDA (Llave 34)",Décadas de 1950 a 1990,Cantero (2016),R015; R016; R134; R209,34,rol,equipo,si
Carlos Alberto Celada,Coco Celada; Alberto Carlos Celada,Consejero del Consejo Directivo de la Fundación EFDA,Décadas de 1970 a 1990,Cantero (2016),R015; R035; R160; R209,,,equipo,si
Josué Fossati,Fossati; Josué,Vocal y consejero del Consejo Directivo de la Fundación EFDA,Décadas de 1970 a 1990,Cantero (2016),R015; R160; R209,189,cruce exacto con libro_llaves,equipo,si
Crisanto Domínguez,Crisanto Domínguez; Domínguez,"Escultor chaqueño, autor de la escultura ""El Lanzazo"" y cabezas retratos en EFDA",Décadas de 1940 y 1950,Giordano (2000),R015; R082; R134,,,equipo,si
Demetrio de Urruchúa,Demetrio de Urruchúa; Urruchúa,"Pintor y muralista, autor del fresco ""Tirruchúa"" (3,40 x 2,30 m) en EFDA (Llave 56)",Década de 1950,Catálogo EFDA (2018),R015; R016; R134,56,rol,equipo,si
Oscar Capristo,Capristo; O. Capristo,"Pintor y dibujante, autor de la columna pintada en tinta en EFDA",1921-2006 (intervención en EFDA en 1977),Cantero & Giordano (2015); Catálogo EFDA (2022),R065; R134,347,cruce exacto con libro_llaves,equipo,si
Juan Grela,Grela; J. Grela,"Pintor y grabador del Grupo Litoral, autor de intervenciones murales en EFDA (Llave 250)",1914-1992 (frecuentó EFDA desde la década de 1950),Cantero & Giordano (2015),R016; R067; R134,250,rol,equipo,si
Marcelo Gustin,Marcelo Gustin; Gustin,Vicepresidente e integrante del Consejo Directivo de la Fundación EFDA,Décadas de 1990 a 2020,Catálogo EFDA (2022),R132; R134,,,equipo,si
Daniel Moscatelli,Moscatelli; Daniel,Presidente del Consejo Directivo de la Fundación EFDA,Década de 2000,Cantero (2016),R027; R132; R134,,,equipo,si
Patricia A. Cowper-Coles,Patricia Cowper Coles; Cowper-Coles,Secretaria y consejera del Consejo Directivo de la Fundación EFDA,Décadas de 2000 a 2020,Catálogo EFDA (2022),R132; R134,,,equipo,si
Jorge Luis Borges,Borges; J. L. Borges,"Escritor, conferencista y visitante ilustre de EFDA (Llave N° 498)",Décadas de 1950 a 1980,Giordano (2012); Cantero (2016),R016; R134,498,rol,equipo,si
Rafael Alberti,Alberti,"Poeta español, visitante ilustre y colaborador de EFDA",Décadas de 1950 y 1960,Giordano (2012); Cantero & Giordano (2015),R015; R134,,,equipo,si
Eduardo Jonquières,Jonquières; E. Jonquières,"Poeta, pintor abstracto y diplomático; intervino la puerta del baño en EFDA (Llave N° 232)",1918-2000 (intervenciones en EFDA desde 1958),Catálogo EFDA (2022); Cantero (2016),R016; R066; R134,232,rol,equipo,si
Lino Enea Spilimbergo,Lino Spilimbergo; Spilimbergo,"Pintor y grabador, donante de obras y referente del círculo artístico de EFDA",Décadas de 1940 a 1960,"Catálogo EFDA (2018, 2022); Cantero & Giordano (2015)",R015; R070; R134,,,equipo,si
Emilio Pettoruti,Pettorutti; Petorutti; Perto,"Pintor vanguardista, consejero y donante de litografías a EFDA (Llave N° 241)",Décadas de 1950 y 1960,"Giordano (2007, 2012); Catálogo EFDA (2018)",R016; R078; R134,241,rol,equipo,si
Lucio Fontana,Fontana; L. Fontana,"Escultor y ceramista vanguardista, autor del yeso ""El sueño de Leti"" donado a EFDA",Décadas de 1950 a 1960,Reyero (2013); Catálogo EFDA (2018),R015; R082; R134,,,equipo,si
Líbero Badíi,Badíi; Libero Badí; A. Badii,"Escultor y grabador, autor de ""El Alma"" emplazada en Resistencia por EFDA",Décadas de 1950 a 1970,"Catálogo EFDA (2018, 2022); Cantero & Giordano (2015)",R082; R084; R134,310,cruce exacto con libro_llaves,equipo,si
Raúl Monsegur,R. Monsegur; Monsegur,"Pintor y muralista, creador de los murales de la Plaza 25 de Mayo e intervenciones en EFDA",Década de 1950 (murales en 1959-1961),Giordano (1998); Catálogo EFDA (2022),R015; R068; R134,256,cruce exacto con libro_llaves,equipo,si
César Fernández Navarro,Fernández Navarro; C. Fernández Navarro,"Pintor, muralista (""Recolección de cereales"") y retratista de los fundadores de EFDA (Llave N° 130)",Décadas de 1940 a 1990,"Catálogo EFDA (2018, 2022); Cantero (2016)",R016; R066; R134,130,rol,equipo,si
Fabriciano Gómez,Fabriciano; Fabriciano Gómez,"Escultor chaqueño, cofundador de la Fundación Urunday y colaborador de EFDA (Llave N° 492)",Vinculado desde la década de 1970 (fallecido en 2021),Romagnoli (1989); Giordano (2007); Cantero (2016),R016; R082; R134,492,rol,equipo,si
Humberto Gómez Lollo,Gómez Lollo; H. Gómez Lollo,"Escultor chaqueño, cofundador de la Fundación Urunday y activo participante de EFDA (Llave N° 493)",Vinculado desde la década de 1970,Romagnoli (1989); Giordano (2007); Cantero (2016),R016; R082; R134,493,rol,equipo,si
Raúl Cerrutti,"Raúl ""Gordo"" Cerrutti; Cerrutti","Músico, investigador del folclore chaqueño y figura central del entorno inicial de EFDA",Décadas de 1940 a 1980,Cantero & Giordano (2015); Cantero (2016),R015; R088; R134,95,cruce exacto con libro_llaves,equipo,si
Estela Quattrochio,Quatrocchio; Estela Quatrocchio,"Profesora, ensayista y conferencista en el viejo Fogón",Décadas de 1940 y 1950,Cantero (2016),R015; R155; R163,,,equipo,si
Oberdán Caletti,Caletti; Prof. Caletti,Rector organizador de la Universidad Nacional del Nordeste (UNNE) y colaborador de EFDA,1958 - década de 1960,Giordano (2012); Catálogo EFDA (2018),R015; R019; R134,,,equipo,si
Noemí Gerstein,N. Gerstein; Gerstein,"Escultora, autora de ""Ronda"" (en el jardín de EFDA) y obras urbanas en Resistencia",Décadas de 1950 a 1970,"Romagnoli (1989); Catálogo EFDA (2018, 2022)",R080; R082; R134,,,equipo,si
Naum Knop,Knopp; N. Knopp; Naún Knop,"Escultor, autor del altorrelieve ""Los de arriba y los de abajo"" en la rotonda de EFDA",Décadas de 1950 a 1980,Romagnoli (1989); Catálogo EFDA (2018),R082; R084; R134,,,equipo,si
Raúl Soldi,Soldi; R. Soldi,"Pintor argentino, donante de obras y visitante ilustre de EFDA",Décadas de 1950 a 1980,"Catálogo EFDA (2018, 2022); Cantero (2016)",R015; R070; R134,,,equipo,si
Juan Carlos Castagnino,Castagnino; J. C. Castagnino,"Pintor y dibujante, donante de obras y de la firma mural en EFDA",Décadas de 1950 a 1970,"Catálogo EFDA (2018, 2022); Cantero & Giordano (2015)",R015; R065; R134,,,equipo,si
Raúl Gustavo Aguirre,Aguirre; R. G. Aguirre,"Poeta del movimiento Poesía Buenos Aires, visitante e integrador de la red de amigos",Década de 1950,Cantero (2016),R016; R081; R134,,,equipo,si
Enrique Molina,Molina; E. Molina,"Poeta surrealista y marino, habitante y visitante frecuente de EFDA",Décadas de 1950 y 1960,Cantero (2016),R015; R081; R134,,,equipo,si
Haroldo Conti,Conti; H. Conti,"Escritor, docente y visitante del Fogón",Décadas de 1960 y 1970,Giordano (2012); Cantero (2016),R015; R081; R134,403,cruce exacto con libro_llaves,equipo,si
Aledo Luis Meloni,Aledo Meloni; Meloni,"Poeta y coplero chaqueño, frecuente disertante y agasajado en EFDA",Décadas de 1950 a 2010,Giordano (2012),R015; R081; R095,462,cruce exacto con libro_llaves,equipo,si
Gaspar Benavento,Benavento; G. Benavento,"Poeta e intelectual entrerriano/chaqueño, retratado en bronce por Crisanto Domínguez (Llave N° 123)",Décadas de 1940 a 1970,Cantero (2016),R016; R081; R082,123,rol,equipo,si
Cayetano Córdova Iturburu,Córdova Iturburu; Policho,Crítico de arte y ensayista; curador/asesor del Plan de Embellecimiento de Resistencia (Llave N° 1978/Honoraria),Décadas de 1950 a 1970,Gutiérrez Viñuales & Giordano (1992); Cantero & Giordano (2015),R016; R032; R134,1978,rol,equipo,si
Jorge Romero Brest,Romero Brest; Prof. Romero Brest,"Crítico de arte, director del MNBA y del Instituto Di Tella, asesor de compras y donante de esculturas",Décadas de 1950 a 1970,Reyero (2013); Catálogo EFDA (2018),R015; R019; R134,178,cruce exacto con libro_llaves,equipo,si
Carlos Monzón,Monzón; El Campeón,Boxeador campeón mundial; donó sus guantes de combate del triunfo ante Benvenuti al acervo de EFDA,1970 (donación de objetos),Cantero & Giordano (2015); Cantero (2016),R015; R086; R165,,,equipo,si
Ariel Ramírez,Ramírez; A. Ramírez,Músico y compositor; donó sus medias agujereadas y moño de smoking enmarcado a EFDA,Décadas de 1960 y 1970,Cantero & Giordano (2015); Catálogo EFDA (2022),R015; R088; R134,65,cruce exacto con libro_llaves,equipo,si
Roberto De Vicenzo,De Vicenzo,Golfista profesional; donó un palo de golf utilizado en sus torneos a la colección de objetos de EFDA,Década de 1960,Cantero & Giordano (2015); Cantero (2016),R015; R134; R166,475,cruce exacto con libro_llaves,equipo,si
Jean Mermoz,Mermoz,Aviador francés de la Latécoère/Aeropostale; su hélice de avión Laté 28 se conserva como reliquia en EFDA,Presencia objetual (hélice integrada en la década de 1950),Cantero & Giordano (2015); Cantero (2016),R015; R134; R166,,,equipo,si
Lorenzo Domínguez,L. Domínguez; Domínguez,Escultor hispano-chileno; realizó bajorrelieves en mármol y piedra en la pileta y fachadas de EFDA,Décadas de 1940 y 1950,"Catálogo EFDA (2018, 2022); Cantero (2016)",R015; R082; R134,51,cruce exacto con libro_llaves,equipo,si
Nicasio Fernández Mar,Fernández Mar; N. Fernández Mar,"Escultor, autor del bajorrelieve en piedra roja y la escultura ""Espera"" en las inmediaciones de EFDA",Décadas de 1950 y 1960,Romagnoli (1989); Catálogo EFDA (2018),R079; R082; R134,,,equipo,si
Franco Di Segni,Di Segni; F. Di Segni,"Escultor, autor del bajorrelieve en cemento blanco ""Abstracción"" en el porche de EFDA",Décadas de 1950 y 1960,"Catálogo EFDA (2018, 2022)",R080; R082; R134,,,equipo,si
Mario Rosso,M. Rosso; Rosso,"Escultor, autor de la escultura en piedra ""Maternidad"" ubicada en el ingreso de EFDA",Décadas de 1950 y 1960,Catálogo EFDA (2018); Cantero & Giordano (2015),R015; R082; R194,,,equipo,si
Perrito Fernando,Fernando; el perro Fernando,Can popular de Resistencia y concurrente asiduo a las tertulias de EFDA; homenajeado con una escultura de bronce por Víctor Marchese,Década de 1950 y 1963 (fallecimiento),Cantero (2016); Catálogo EFDA (2018),R015; R079; R165,,,equipo,si
Atilio Micheluzzi,Don Atilio; Micheluzzi,Albañil y constructor principal del edificio definitivo de EFDA (Brown 350),1952-1955 (fallecido en 1959),Catálogo EFDA (2022),R015; R144,,,equipo,si
Miguel Brascó,Brascó; M. Brascó,"Escritor, dibujante y humorista; intervino con pintura y poemas la puerta del baño en EFDA",Décadas de 1950 a 1980,"Catálogo EFDA (2018, 2022); Cantero (2016)",R016; R081; R134,213,cruce exacto con libro_llaves,equipo,si
Antonio Berni,Berni; A. Berni,"Pintor y grabador vanguardista, donante de obras y visitante ilustre de EFDA",Décadas de 1950 a 1970,Reyero (2013); Catálogo EFDA (2018),R015; R064; R134,,,equipo,si
Guido Miranda,Guido Miranda; Miranda,"Ensayista, historiador chaqueño, conferencista y consejero intelectual de EFDA (Llave N° 159)",Décadas de 1950 a 1990,Giordano (2012); Cantero (2016),R016; R081; R134,159,rol,equipo,si
Nicolás Guillén,Guillén; N. Guillén,"Poeta cubano, visitante ilustre de EFDA y disertante en sus temporadas culturales",Década de 1950,Giordano (2012); Cantero (2016),R015; R081; R134,,,equipo,si
León Felipe,León Felipe,"Poeta español exiliado, visitante ilustre y amigo de la casa",Década de 1950,Giordano (2012); Cantero (2016),R015; R081; R134,,,equipo,si
Ernesto Sabato,Sábato; E. Sabato,"Escritor, conferencista y visitante ilustre de EFDA",Décadas de 1950 a 1980,Giordano (2012); Cantero (2016),R016; R081; R134,312,cruce exacto con libro_llaves,equipo,si
Marta Lynch,Marta Lynch,"Escritora, participante de las actividades culturales e invitada ilustre",Décadas de 1960 y 1970,Giordano (2012); Cantero (2016),R016; R030; R134,354,cruce exacto con libro_llaves,equipo,si
Pía Sebastiani,Pía Sebastiani; Sebastiani,"Pianista argentina, ofreció conciertos en el piano del salón de EFDA",Décadas de 1950 y 1960,Catálogo EFDA (2018),R015; R088; R134,430,cruce exacto con libro_llaves,equipo,si
Witold Małcużyński,Malcuzynsky; Malcuzinsky,"Pianista polaco, ofreció recitales históricos en el auditorio de EFDA",Década de 1950,Giordano (2012); Catálogo EFDA (2018),R015; R088; R134,,,equipo,si
Andrés Segovia,Segovia; A. Segovia,"Guitarrista clásico español, visitante ilustre y concertista invitado",Década de 1950,Giordano (2012); Cantero (2016),R015; R088; R134,,,equipo,si
Nicanor Zabaleta,Zabaleta,"Arpista español, brindó recitales de arpa en el marco de las actividades fogoneras",Décadas de 1950 y 1960,Giordano (2012),R015; R088; R134,,,equipo,si
Paco Aguilar,Aguilar; P. Aguilar,"Músico, luthier y amigo entrañable del círculo inicial de EFDA",Décadas de 1940 y 1950,Cantero & Giordano (2015),R015; R088; R134,,,equipo,si
Emilio Novas,Novas; E. Novas,"Escritor, gestor cultural, organizador y ""Llave N° 75"", activo difusor de EFDA",Décadas de 1950 a 1980,"Cantero, Reyero & Giordano (2025)",R016; R031; R134,75,rol,equipo,si
Arturo Barea,Barea; A. Barea,"Escritor español, colaborador del Boletín y difusor internacional de EFDA",Décadas de 1950 y 1960,"Cantero, Reyero & Giordano (2025)",R015; R016; R134,89,cruce exacto con libro_llaves,equipo,si
Leónidas Barletta,Barletta; L. Barletta,"Director teatral del Teatro del Pueblo y escritor, estrecho colaborador de EFDA",Décadas de 1950 y 1960,"Cantero, Reyero & Giordano (2025)",R016; R081; R134,180,cruce exacto con libro_llaves,equipo,si
María Fux,Fux; M. Fux,"Bailarina y coreógrafa, visitante e inspiradora de obras en EFDA (escultura por L. Badíi)",Décadas de 1950 a 1970,"Catálogo EFDA (2018); Cantero, Reyero & Giordano (2025)",R016; R082; R134,220,cruce exacto con libro_llaves,equipo,si
Raúl Schurjin,Schurjin; R. Schurjin,"Pintor, habitual concurrente y donante de obras a la colección plástica de EFDA",Décadas de 1950 a 1970,Catálogo EFDA (2018),R015; R070; R134,77,cruce exacto con libro_llaves,equipo,si
Horacio Butler,Butler; H. Butler,"Pintor e ilustrador, donante de obras expuestas en el acervo permanente",Décadas de 1950 y 1960,Catálogo EFDA (2018),R015; R064; R134,,,equipo,si
Gustavo Cochet,Cochet; G. Cochet,"Pintor y grabador rosarino, donante de obras a la colección de EFDA",Décadas de 1940 a 1960,Catálogo EFDA (2018),R015; R065; R134,119,cruce exacto con libro_llaves,equipo,si
Víctor Delhez,Delhez; V. Delhez,"Grabador belga-argentino, donante de xilografías a la colección de EFDA",Décadas de 1950 y 1960,Catálogo EFDA (2018),R015; R066; R134,,,equipo,si
Pompeyo Audivert,Audivert; P. Audivert,"Grabador y pintor, donante de grabados a la colección artística de EFDA",Décadas de 1950 y 1960,Catálogo EFDA (2018),R015; R063; R134,,,equipo,si
Ramón Gómez Cornet,Gómez Cornet; R. Gómez Cornet,"Pintor santiagueño, donante de dibujos e integrante del catálogo de EFDA",Décadas de 1950 y 1960,Catálogo EFDA (2018),R015; R067; R134,208,cruce exacto con libro_llaves,equipo,si
Luis Seoane,Seoane; L. Seoane,"Pintor y grabador gallego-argentino, donante de xilografías a EFDA",Décadas de 1950 y 1960,Catálogo EFDA (2018),R015; R070; R134,,,equipo,si
Sergio Sergi,Sergi; S. Sergi,"Grabador y pintor, donante de xilografías a la colección de EFDA",Décadas de 1950 y 1960,Catálogo EFDA (2018),R015; R070; R134,110,cruce exacto con libro_llaves,equipo,si
Raquel Forner,Forner; R. Forner,"Pintora expresionista, visitante de EFDA (Llave N° 206) y donante del óleo ""Pájaro azul""",1957 - década de 1970,Catálogo EFDA (2018),R016; R066; R134,206,rol,equipo,si
Alfredo Bigatti,Bigatti; A. Bigatti,"Escultor, visitante de EFDA junto a Raquel Forner y donante de esculturas",Década de 1950,Catálogo EFDA (2018),R015; R082; R134,206,cruce exacto con libro_llaves,equipo,si
José Alonso,Alonso; J. Alonso,"Escultor, autor del yeso ""Cabeza de Mujer"" preservado en la biblioteca de EFDA",Décadas de 1950 y 1960,Catálogo EFDA (2018),R082; R084; R134,128,cruce exacto con libro_llaves,equipo,si
Ferruccio Polacco,Polacco; F. Polacco,"Escultor abstracto, autor de piezas escultóricas en la colección de EFDA",Décadas de 1960 y 1970,Catálogo EFDA (2018),R082; R084; R134,,,equipo,si
Carlos de la Cárcova,C. de la Cárcova; De la Cárcova,"Escultor, autor de la obra urbana ""El niño y el pez"" emplazada por EFDA",Décadas de 1960 y 1970,Romagnoli (1989); Catálogo EFDA (2018),R079; R082; R134,,,equipo,si
Enrique Gaimari,Gaimari; E. Gaimari,"Escultor, autor de ""Pareja"" y ""Figura"" emplazadas en el espacio público por EFDA",Décadas de 1960 a 1980,Romagnoli (1989); Catálogo EFDA (2018),R080; R082; R134,444,cruce exacto con libro_llaves,equipo,si
Juan Carlos Labourdette,Labourdette; J. C. Labourdette,"Escultor, autor de esculturas urbanas en Resistencia en el plan de EFDA",Décadas de 1960 y 1970,Romagnoli (1989); Catálogo EFDA (2018),R080; R082; R134,,,equipo,si
Mariano Pagés,Pagés; M. Pagés,"Escultor, autor de obras emplazadas en las calles de Resistencia a través de EFDA",Décadas de 1960 a 1980,Romagnoli (1989); Catálogo EFDA (2018),R080; R082; R134,,,equipo,si
Amado Puyau,Puyau; A. Puyau,"Escultor santafesino, autor de la escultura ""Las Pavas"" emplazada por EFDA",Décadas de 1960 y 1970,Romagnoli (1989); Catálogo EFDA (2018),R080; R082; R134,,,equipo,si
Pedro Zonza Briano,Zonza Briano; P. Zonza Briano,"Escultor, autor de bronces integrados a la estatuaria urbana de Resistencia",Décadas de 1960 y 1970,Romagnoli (1989); Catálogo EFDA (2018),R080; R084; R134,,,equipo,si
Enrique Souilhé,Souilhé; Dr. Souilhé,"Médico, astrónomo aficionado y miembro fundador del núcleo inicial de EFDA",Décadas de 1940 a 1960,Cantero & Giordano (2015); Cantero (2016),R015; R134; R163,,,equipo,si
Luis Govi,Dr. Govi; Govi,"Médico, integrante del grupo fundador pionero en la casa de la calle Brown 188",Décadas de 1940 a 1960,Cantero & Giordano (2015); Cantero (2016),R015; R016; R134,,,equipo,si
