id,tipo,formas,decision,decision_propuesta,forma_normalizada,n_llave,respaldo,respaldo_fuente,respaldo_pagina,nota
P1,persona,A. M. Vedinger · M. Vedinger,,,,,,,,"Caso B (consulta 05, pregunta 2): Grafía Kedinger/Kédinger (R016, R093, R019); «Koedinger» en el Boletín (R015). «Vedinger» = error de lectura según 05, afirmación SIN cita. Miembros: Enrique (Llave 151, †1/7/1984), Enriqueta I. «Ivonne» Pradier de Kédinger (esposa), Ana María Kedinger de Rizzotti (Llave 280)."
P2,persona,Alberto Torres · Dr. Alberto Torres,,unificar,Alberto Torres,146,equipo,"Cantero, E (2016) - Tesis_doctoral.pdf; TEMAS X (2012)-Giordano.pdf",p. 143; p. 59,«Alberto Torres» ≈ «Alberto Torres» (100) · Equipo: «Alberto Torres» → Alberto Torres (Llave 146); «Dr. Alberto Torres» → Alberto Torres (Llave 146)
P3,persona,Aldo Boglietti · Alfredo Boglietti · Don Alfredo Boglietti · Sr. Aldo Boglietti,,separar,Aldo Boglietti | Alfredo Boglietti,11 | 21,equipo,"R015 - FOGON.md; CATÁLOGO-EFDA-PRIMERA PARTE.pdf; MALUF DE MASRAMÓN, R. (1980). Nacimiento de las instituciones culturales del Chaco..pdf; CAIANA (2015)-Cantero y Giordano.pdf; ARQUEROS, G. (2015) Investigación en el campo del arte, presentación de un caso y niveles de anclaje .pdf; R023 - Serie Correspondencia D.md; Cantero, E (2016) - Tesis_doctoral.pdf | [origen=cajas] R164 - Recortes periodísticos 1960_63; R053 - Recortes periodísticos 1995_97; R056 - Recortes periodísticos 1984_86; R055 - Recortes periodísticos 1987_90; R163 - Recortes periodísticos 1947_59; R239 - Recordes sobre EFDA 1948_2002; R019 - Conferencias, Homenajes y Discursos; R149 - Informe Mauro Boglietti (1981); R035 - Serie Correspondencia S; R023 - Serie Correspondencia D; R032 - Serie Correspondencia O - P; R207 - Correspondencias bonos fogon; R140 - Lettres Aldo; R037 - Serie Correspondencia V - W; R027 - Serie Correspondencia H - I; R025 - Serie Correspondencia F; R030 - Serie Correspondencia M; R022 - Serie Correspondencia C; R138 - Hilda Prive; R025 - Serie Correspondencia G; R021 - Serie Correspondencia B; R036 - Serie Correspondencia T - U; R033 - Serie Correspondencia Q - R",,"Caso B (consulta 05, pregunta 1): Dos personas según 05: Aldo Servando Boglietti (1908-1979, «Peón») y Alfredo Boglietti (hijo), Rosario, Llave Nº 118 (R016, R015); además «Don Alfredo» sería el padre (R121). Contradicción interna: Alfredo aparece como padre y como «hijo»; sin verificar. · «Aldo Boglietti» ≈ «Aldo Boglietti» (100) · Equipo: «Aldo Boglietti» → Aldo Boglietti (Llave 11); «Alfredo Boglietti» → Alfredo Boglietti (Llave 21); «Don Alfredo Boglietti» → Alfredo Boglietti (Llave 21); «Sr. Aldo Boglietti» → Aldo Boglietti (Llave 11)"
P4,persona,Alejandro Boletta · Alejandro Boletta (?),,,,,,,,
P5,persona,Ana Maria Kedinger · Ana María Kedinger,,,,,,R024 - Serie Correspondencia E.md; R029 - Serie Correspondencia L.md,,"Caso B (consulta 05, pregunta 2): Grafía Kedinger/Kédinger (R016, R093, R019); «Koedinger» en el Boletín (R015). «Vedinger» = error de lectura según 05, afirmación SIN cita. Miembros: Enrique (Llave 151, †1/7/1984), Enriqueta I. «Ivonne» Pradier de Kédinger (esposa), Ana María Kedinger de Rizzotti (Llave 280). · «Ana Maria Kedinger» ≈ «Kedinger, Ana María» (100)"
P6,persona,Angel de Seta · Ángel de Seta,,,,,,,,
P7,persona,Antonia Doglio · Ma. Antonia Doglio · María Antonia Doglio,,,,,,[origen=cajas] R023 - Serie Correspondencia D,,
P8,persona,Antonio De Raco · Antonio de Raco,,unificar,Antonio de Raco,148,equipo,,,Equipo: «Antonio De Raco» → Antonio de Raco (Llave 148); «Antonio de Raco» → Antonio de Raco (Llave 148)
P9,persona,Arcidiácono · Pintor Arcidiácono,,,,,,[origen=cajas] R063 - Pintura A,,
P10,persona,Arquitecto Romaño · Romaño,,,,,,,,
P11,persona,Brigadier Moragues · Moragues,,,,,,,,
P12,persona,Bronermon · Dr. Bronermon,,,,,,,,
P13,persona,Carlos R. Guichón · Dr. Carlos R. Guichón,,,,,,,,
P14,persona,Carman · Dr. Carman,,,,,,,,
P15,persona,Córdoba Iturburu · Córdova Iturburu,,unificar,Cayetano Córdova Iturburu,133,equipo,R081 - Escritores.md; R060 - Recortes periodisticos 1978_79.md; R165- Recortes periodisticos 1964_66.md; R016 - Orden de la llave.md; R207 - Correspondencias bonos fogon.md | [origen=cajas] R207 - Correspondencias bonos fogon; R022 - Serie Correspondencia C,,"Caso B (consulta 05, pregunta 6): Córdova Iturburu (Cayetano, «Policho»), grafía autógrafa (R015, R021, R032, R016, catálogos); «Córdoba» en prensa (R015, R021, Gutiérrez Viñuales y Giordano 1992). · «Córdoba Iturburu» ≈ «Cayetano Córdova Iturburu» (94) · Equipo: «Córdoba Iturburu» → Cayetano Córdova Iturburu (Llave 133); «Córdova Iturburu» → Cayetano Córdova Iturburu (Llave 133)"
P16,persona,Di Luzio · Sr. Di Luzio,,,,,,,,
P17,persona,Dillon · Dr. Dillon,,,,,,,,
P18,persona,Dña. Josefa Palacio · Josefa Palacio,,unificar,Josefa Palacio Maglioli,10,equipo,,,Equipo: «Dña. Josefa Palacio» → Josefa Palacio Maglioli (Llave 10); «Josefa Palacio» → Josefa Palacio Maglioli (Llave 10)
P19,persona,Don Enrique Kédinger · Enrique Kédinger · Henri Kédinger,,unificar (parcial),Enrique Kédinger,151,equipo,,,"Caso B (consulta 05, pregunta 2): Grafía Kedinger/Kédinger (R016, R093, R019); «Koedinger» en el Boletín (R015). «Vedinger» = error de lectura según 05, afirmación SIN cita. Miembros: Enrique (Llave 151, †1/7/1984), Enriqueta I. «Ivonne» Pradier de Kédinger (esposa), Ana María Kedinger de Rizzotti (Llave 280). · Equipo: «Don Enrique Kédinger» → Enrique Kédinger (Llave 151); «Enrique Kédinger» → Enrique Kédinger (Llave 151) · sin resolver: «Henri Kédinger» sin coincidencia"
P20,persona,Don Medina · Medina,,,,,,[origen=cajas] R207 - Correspondencias bonos fogon,,
P21,persona,Don Moisés Chilese · Moisés Chilese,,,,,,,,
P22,persona,Dr. Faustino Doglio · Faustino Doglio,,unificar,Faustino Doglio,45,equipo,[origen=cajas] R023 - Serie Correspondencia D,,Equipo: «Dr. Faustino Doglio» → Faustino Doglio (Llave 45); «Faustino Doglio» → Faustino Doglio (Llave 45)
P23,persona,Dr. Guichón · Guichón,,,,,,,,
P24,persona,Dr. José Babini · José Babini · José Banti,,separar,José Babini | José Banti,125 | 81,equipo,[origen=cajas] R021 - Serie Correspondencia B,,"Caso B (consulta 05, pregunta 3): Dos personas según 05: Ing. José Babini (historiador de la ciencia, UNNE, Llave 125; R015, R021, R031) y José Banti (vecino, Llave 81, esposo de Linda Banti; R015, R016). · Equipo: «Dr. José Babini» → José Babini (Llave 125); «José Babini» → José Babini (Llave 125); «José Banti» → José Banti (Llave 81)"
P25,persona,Dr. José R. Bergallo · José R. Bergallo,,,,,,,,
P26,persona,Dr. Luis Govi · Luis Govi,,unificar,Luis Govi,—,equipo,[origen=cajas] R207 - Correspondencias bonos fogon,,Equipo: «Dr. Luis Govi» → Luis Govi; «Luis Govi» → Luis Govi
P27,persona,Dr. Michel Lataza · Michel Lataza,,,,,,[origen=cajas] R029 - Serie Correspondencia L,,
P28,persona,Dr. Torres · Torres,,,,,,R023 - Serie Correspondencia D.md | [origen=cajas] R023 - Serie Correspondencia D; R036 - Serie Correspondencia T - U,,«Dr. Torres» ≈ «Carranza Torres» (100)
P29,persona,Faluggi’s Brothers · Faluggi’’s Brothers,,,,,,,,
P30,persona,Horacio Rivero Sosa · Horacio Rivero Sosa y Saa,,unificar (parcial),Horacio Rivero Sosa,327,equipo,,,Equipo: «Horacio Rivero Sosa» → Horacio Rivero Sosa (Llave 327) · sin resolver: «Horacio Rivero Sosa y Saa» sin coincidencia
P31,persona,Ilsa Barea · Sra. Ilsa de Barea,,unificar,Ilsa Barea,—,equipo,,,Equipo: «Ilsa Barea» → Ilsa Barea; «Sra. Ilsa de Barea» → Ilsa Barea
P32,persona,Joaquín del Villar · Julián del Villar,,,,,,[origen=cajas] R072 - Pintura V – Z,,"Caso B (consulta 05, pregunta 4): Sin resolver: solo «prócer Del Villar» (Boletín, R015) y «Villar» (R067/R072). 05 sugiere que «Julián» viene de Julián Reinaldo Cáceres (Llave 4); hipótesis, no dato."
P33,persona,José Ma. Orentanz · José María Orentanz,,,,,,,,
P34,persona,Kay · Mr. Kay,,,,,,,,
P35,persona,Lino R. Torres · Prof. Lino R. Torres,,,,,,"Cantero, E (2016) - Tesis_doctoral.pdf; TEMAS X (2012)-Giordano.pdf",p. 143; p. 59,«Lino R. Torres» ≈ «Alberto Torres» (100)
P36,persona,Luis Angel Firpo · Luis Ángel Firpo,,,,,,[origen=cajas] R025 - Serie Correspondencia F,,
P37,persona,Ma. Élida Castells · María Élida Castells · Élida Castells,,,,,,,,
P38,persona,María Teresa Varela de Torres · Teresa Varela de Torres,,unificar,Hilda Torres Varela,13,equipo,"Cantero, E (2016) - Tesis_doctoral.pdf; TEMAS X (2012)-Giordano.pdf",p. 143; p. 59,«María Teresa Varela de Torres» ≈ «Alberto Torres» (100) · Equipo: «María Teresa Varela de Torres» → Hilda Torres Varela (Llave 13); «Teresa Varela de Torres» → Hilda Torres Varela (Llave 13)
P39,persona,Miguel Bruno · Miguelito Bruno,,,,,,,,
P40,persona,Samuel Sanchez de Bustamante · Samuel Sánchez de Bustamante,,unificar,Samuel Sánchez Bustamante,215,equipo,"CAIANA (2015)-Cantero y Giordano.pdf; efda_estructura_fuentes.md; R035 - Serie Correspondencia S.md; Cantero, E (2016) - Tesis_doctoral.pdf | [origen=cajas] R035 - Serie Correspondencia S",p. 145; pp. 85,"«Samuel Sanchez de Bustamante» ≈ «Sánchez de Bustamante, Samuel» (100) · Equipo: «Samuel Sanchez de Bustamante» → Samuel Sánchez Bustamante (Llave 215); «Samuel Sánchez de Bustamante» → Samuel Sánchez Bustamante (Llave 215)"
P41,persona,Susana Glombovsky · Susana Slomkovsky,,unificar (parcial),Susana Glombovsky de Landman,61,equipo,,,"Caso B (consulta 05, pregunta 5): Glombovsky (Susana Glombovsky de Landman, Ing. Agr., Llave 61; R016, R067, R093); «Glombosky» en inventario R067. «Slomkovsky» = errata según 05, afirmación SIN cita. †2/8/1987; Premio Fundación Susana Glombovsky. · Equipo: «Susana Glombovsky» → Susana Glombovsky de Landman (Llave 61) · sin resolver: «Susana Slomkovsky» sin coincidencia"
P42,persona,U. Betti · Ugo Betti,,,,,,,,
P43,persona,Yvonne Kédinger · Yvonne de Kedinger,,,,,,R024 - Serie Correspondencia E.md; R029 - Serie Correspondencia L.md,,"Caso B (consulta 05, pregunta 2): Grafía Kedinger/Kédinger (R016, R093, R019); «Koedinger» en el Boletín (R015). «Vedinger» = error de lectura según 05, afirmación SIN cita. Miembros: Enrique (Llave 151, †1/7/1984), Enriqueta I. «Ivonne» Pradier de Kédinger (esposa), Ana María Kedinger de Rizzotti (Llave 280). · «Yvonne de Kedinger» ≈ «Kedinger, Ana María» (100)"
I1,institucion,Aerolíneas Argentinas · Aerolíneas Argentinas 17,,,,,,[origen=cajas] R020 - Serie Correspondencia A,,
I2,institucion,BBC LATIN · BBC Latin,,,,,,,,
I3,institucion,Directorio de La Forestal Argentina · Directorio de la Forestal Argentina,,,,,,,,
I4,institucion,Hostal del Conde de Gondomar · Hostal del Conde de Gondomar. Chon,,,,,,,,
O1,evento,La libra de carne · Una libra de carne,,,,,,,,
E1,evento,"Juramento de la llave del Brigadier Moragues de Aerolíneas Argentinas 17-5-61 · Juramento de la llave del Brigadier Moragues de Aerolíneas Argentinas, 17-5-61",,,,,,,,
E2,evento,Visita ARTURO BAREA y ALDO BOGLIETTI A LA CIUDAD DE CORDOBA · Visita de Arturo Barea y Aldo Boglietti a la ciudad de Córdoba,,,,,,[origen=cajas] R163 - Recortes periodísticos 1947_59; R035 - Serie Correspondencia S; R023 - Serie Correspondencia D; R032 - Serie Correspondencia O - P; R140 - Lettres Aldo; R037 - Serie Correspondencia V - W; R025 - Serie Correspondencia F; R138 - Hilda Prive; R025 - Serie Correspondencia G; R021 - Serie Correspondencia B; R036 - Serie Correspondencia T - U; R033 - Serie Correspondencia Q - R,,
N-Aldo,persona,Aldo · Aldo Boglietti · Sr. Aldo Boglietti,,unificar (parcial),Aldo Boglietti,11,equipo,"R015 - FOGON.md; CATÁLOGO-EFDA-PRIMERA PARTE.pdf; MALUF DE MASRAMÓN, R. (1980). Nacimiento de las instituciones culturales del Chaco..pdf; CAIANA (2015)-Cantero y Giordano.pdf; ARQUEROS, G. (2015) Investigación en el campo del arte, presentación de un caso y niveles de anclaje .pdf; R023 - Serie Correspondencia D.md; Cantero, E (2016) - Tesis_doctoral.pdf | [origen=cajas] R163 - Recortes periodísticos 1947_59; R207 - Correspondencias bonos fogon; R028 - Serie Correspondencia J - K; R024 - Serie Correspondencia E; R021 - Serie Correspondencia B; R164 - Recortes periodísticos 1960_63; R053 - Recortes periodísticos 1995_97; R056 - Recortes periodísticos 1984_86; R055 - Recortes periodísticos 1987_90; R239 - Recordes sobre EFDA 1948_2002; R019 - Conferencias, Homenajes y Discursos; R149 - Informe Mauro Boglietti (1981); R035 - Serie Correspondencia S; R023 - Serie Correspondencia D; R032 - Serie Correspondencia O - P; R140 - Lettres Aldo; R037 - Serie Correspondencia V - W; R027 - Serie Correspondencia H - I; R025 - Serie Correspondencia F; R030 - Serie Correspondencia M; R022 - Serie Correspondencia C; R138 - Hilda Prive; R025 - Serie Correspondencia G; R036 - Serie Correspondencia T - U; R033 - Serie Correspondencia Q - R",,«Aldo» ≈ «Aldo Boglietti» (100) · Equipo: «Aldo Boglietti» → Aldo Boglietti (Llave 11); «Sr. Aldo Boglietti» → Aldo Boglietti (Llave 11) · sin resolver: «Aldo» sin coincidencia
N-Antonia,persona,Antonia · Antonia Doglio,,,,,,[origen=cajas] R023 - Serie Correspondencia D,,
N-Antonio,persona,Antonio · Antonio De Raco · Antonio Vázquez · Antonio de Raco,,separar,Antonio de Raco | Antonio Vázquez,148 | 286,equipo,"GUTIÉRREZ VIÑUALES, R. y GIORDANO, M. L. (1992). El Fogón de los Arrieros y el Plan de Embellecimiento de Resistencia durante la década del sesenta. .pdf; ROMAGNOLI, M. (1989). Resistencia. Capital de las esculturas. .pdf | [origen=cajas] R072 - Pintura V – Z",p. 13; p. 168,"«Antonio» ≈ «Devoto, Antonio» (100) · Equipo: «Antonio De Raco» → Antonio de Raco (Llave 148); «Antonio Vázquez» → Antonio Vázquez (Llave 286); «Antonio de Raco» → Antonio de Raco (Llave 148) · sin resolver: «Antonio» sin coincidencia"
N-Carlos,persona,Carlos · Carlos Erro · Carlos Ginés · Carlos Mariscotti · Carlos R. Guichón · Carlos Schenone · Dr. Carlos R. Guichón,,separar,Carlos Mariscotti | Carlos Schenone,147 | 92,equipo,"R035 - Serie Correspondencia S.md; R032 - Serie Correspondencia O - P.md; R144 - Libro Actas EFDA 1-2.md; R038 - Series Correspondencia X - Y - Z.md; R023 - Serie Correspondencia D.md; R029 - Serie Correspondencia L.md; R037 - Serie Correspondencia V - W.md; R024 - Serie Correspondencia E.md; efda_estructura_fuentes.md; R134 - Listas llaves y amigos.md | CAIANA (2025)- Cantero-Reyero-Giordano.pdf; REYERO, A. (2013). El Fogón de los Arrieros ¿Una vanguardia despolitizada Algunas consideraciones acerca de la modernidad artística en Resistencia (1940- 1960). .pdf; R239 - Recordes sobre EFDA 1948_2002.md; R015 - FOGON.md; R016 - Orden de la llave.md; Cantero, E (2016) - Tesis_doctoral.pdf; GUTIÉRREZ VIÑUALES, R. y GIORDANO, M. L. (1992). El Fogón de los Arrieros y el Plan de Embellecimiento de Resistencia durante la década del sesenta. .pdf; R121 - Periodicos y diarios con articulos sobre el Fogon.md; R060 - Recortes periodisticos 1978_79.md | [origen=cajas] R207 - Correspondencias bonos fogon; R084 - Esculturas en general N-Z",p. 1; p. 30 | p. 168; p. 38,"«Carlos» ≈ «Celada, Alberto Carlos» (100) · «Carlos Schenone» ≈ «Carlos Schenone» (100) · Equipo: «Carlos Mariscotti» → Carlos Mariscotti (Llave 147); «Carlos Schenone» → Carlos Schenone (Llave 92) · sin resolver: «Carlos» sin coincidencia; «Carlos Erro» sin coincidencia; «Carlos Ginés» sin coincidencia; «Carlos R. Guichón» sin coincidencia; «Dr. Carlos R. Guichón» sin coincidencia"
N-Don Medina,persona,Don Medina · Medina Ortiz,,,,,,[origen=cajas] R207 - Correspondencias bonos fogon,,
N-Don Moisés,persona,Don Moisés · Don Moisés Chilese · Moisés Chilese,,unificar (parcial),Moisés L. Penchansky,—,equipo,"R032 - Serie Correspondencia O - P.md; R015 - FOGON.md; Cantero, E (2016) - Tesis_doctoral.pdf; R016 - Orden de la llave.md; R018 - Fallecimiento Efrain.md",,«Don Moisés» ≈ «Moisés L. Penchansky» (100) · Equipo: «Don Moisés» → Moisés L. Penchansky · sin resolver: «Don Moisés Chilese» sin coincidencia; «Moisés Chilese» sin coincidencia
N-Efraín,persona,Efraín · Efraín Boglietti,,unificar,Efraín Boglietti,3,equipo,"R015 - FOGON.md; CATÁLOGO-EFDA-PRIMERA PARTE.pdf; CAIANA (2015)-Cantero y Giordano.pdf; R018 - Fallecimiento Efrain.md; R023 - Serie Correspondencia D.md; R032 - Serie Correspondencia O - P.md; REYERO, A. (2013). El Fogón de los Arrieros ¿Una vanguardia despolitizada Algunas consideraciones acerca de la modernidad artística en Resistencia (1940- 1960). .pdf; Cantero, E (2016) - Tesis_doctoral.pdf; R035 - Serie Correspondencia S.md; R121 - Periodicos y diarios con articulos sobre el Fogon.md; CATÁLOGO-EFDA-SEGUNDA PARTE.pdf; R019 - Conferencias Homenajes.md; Giordano Reyero en ALTAMIRANO(2023). Arte, cultura y vanguardia en el Chaco [revisado].pdf; ROMAGNOLI, M. (1989). Resistencia. Capital de las esculturas. .pdf; R144 - Libro Actas EFDA 1-2.md; R060 - Recortes periodisticos 1978_79.md | [origen=cajas] R022 - Serie Correspondencia C; R058 - Recortes periodísticos 1981; R055 - Recortes periodísticos 1987_90; R019 - Conferencias, Homenajes y Discursos; R035 - Serie Correspondencia S; R023 - Serie Correspondencia D; R027 - Serie Correspondencia H - I; R028 - Serie Correspondencia J - K; R029 - Serie Correspondencia L; R025 - Serie Correspondencia G",p. 1; p. 106; p. 30; p. 52; p. 58,«Efraín» ≈ «Efraín Boglietti» (100) · Equipo: «Efraín» → Efraín Boglietti (Llave 3); «Efraín Boglietti» → Efraín Boglietti (Llave 3)
N-Eva,persona,Eva · Eva Sas,,,,,,,,
N-Héctor,persona,Héctor · Héctor Castrillo,,unificar (parcial),Héctor José Castrillo,37,equipo,R035 - Serie Correspondencia S.md; R032 - Serie Correspondencia O - P.md; R144 - Libro Actas EFDA 1-2.md; R038 - Series Correspondencia X - Y - Z.md; efda_estructura_fuentes.md; R018 - Fallecimiento Efrain.md | [origen=cajas] R207 - Correspondencias bonos fogon,p. 1; p. 30,"«Héctor» ≈ «Serra, Héctor» (100) · Equipo: «Héctor Castrillo» → Héctor José Castrillo (Llave 37) · sin resolver: «Héctor» sin coincidencia"
N-Hilda,persona,Hilda · Hilda Dianda · Hilda Torres Varela,,separar,Hilda Torres Varela | Hilda Dianda,13 | 203,equipo,"R015 - FOGON.md; CAIANA (2025)- Cantero-Reyero-Giordano.pdf; ARQUEROS, G. (2015) Investigación en el campo del arte, presentación de un caso y niveles de anclaje .pdf; R032 - Serie Correspondencia O - P.md; R016 - Orden de la llave.md; R134 - Listas llaves y amigos.md; R023 - Serie Correspondencia D.md; R022 - Serie Correspondencia C.md; efda_estructura_fuentes.md; Giordano Reyero en ALTAMIRANO(2023). Arte, cultura y vanguardia en el Chaco [revisado].pdf; Cantero, E (2016) - Tesis_doctoral.pdf; TORRES VARELA, H. (1979). El Fogón. En El Chaco y su cultura. .pdf; R035 - Serie Correspondencia S.md; CATÁLOGO-EFDA-SEGUNDA PARTE.pdf; R121 - Periodicos y diarios con articulos sobre el Fogon.md; R019 - Conferencias Homenajes.md; R144 - Libro Actas EFDA 1-2.md; R089 - Mena.md; R060 - Recortes periodisticos 1978_79.md; CATÁLOGO-EFDA-PRIMERA PARTE.pdf; GIORDANO, M.  (2012). Tiempos de modernidad en el Chaco. El Fogón de los Arrieros y su proyecto moderno, .pdf | [origen=cajas] R027 - Serie Correspondencia H - I; R022 - Serie Correspondencia C; R165 - Recortes periodísticos 1964_66; R163 - Recortes periodísticos 1947_59; R239 - Recordes sobre EFDA 1948_2002; R019 - Conferencias, Homenajes y Discursos; R035 - Serie Correspondencia S; R023 - Serie Correspondencia D; R032 - Serie Correspondencia O - P; R020 - Serie Correspondencia A; R036 - Serie Correspondencia T - U",p. 1; p. 106; p. 26; p. 59,«Hilda» ≈ «Hilda Torres Varela» (100) · Equipo: «Hilda» → Hilda Torres Varela (Llave 13); «Hilda Dianda» → Hilda Dianda (Llave 203); «Hilda Torres Varela» → Hilda Torres Varela (Llave 13)
N-Jorge,persona,Jorge · Jorge Luis Borges · Jorge Rigaud · Jorge Romero Brest,,separar,Jorge Luis Borges | Jorge Romero Brest,405 | 178,equipo,"R036 - Serie Correspondencia T - U.md; R060 - Recortes periodisticos 1978_79.md; R081 - Escritores.md; Cantero, E (2016) - Tesis_doctoral.pdf; GIORDANO, M.  (2012). Tiempos de modernidad en el Chaco. El Fogón de los Arrieros y su proyecto moderno, .pdf; efda_estructura_fuentes.md | [origen=cajas] R081 - Escritores",p. 208; p. 59,«Jorge Luis Borges» ≈ «Jorge Luis Borges» (100) · Equipo: «Jorge Luis Borges» → Jorge Luis Borges (Llave 405); «Jorge Romero Brest» → Jorge Romero Brest (Llave 178) · sin resolver: «Jorge» sin coincidencia; «Jorge Rigaud» sin coincidencia
N-María,persona,María · María Antonia Doglio · María Fux · María Moeskops · María Rosa González · María Teresa Varela de Torres · María Élida Castells,,separar,María Fux | Hilda Torres Varela,220 | 13,equipo,"R024 - Serie Correspondencia E.md; R029 - Serie Correspondencia L.md | Cantero, E (2016) - Tesis_doctoral.pdf; TEMAS X (2012)-Giordano.pdf | [origen=cajas] R023 - Serie Correspondencia D", | p. 143; p. 59,"«María» ≈ «Kedinger, Ana María» (100) · «María Teresa Varela de Torres» ≈ «Alberto Torres» (100) · Equipo: «María Fux» → María Fux (Llave 220); «María Teresa Varela de Torres» → Hilda Torres Varela (Llave 13) · sin resolver: «María» sin coincidencia; «María Antonia Doglio» sin coincidencia; «María Moeskops» sin coincidencia; «María Rosa González» sin coincidencia; «María Élida Castells» sin coincidencia"
N-Medina,persona,Medina · Medina Ortiz,,,,,,[origen=cajas] R207 - Correspondencias bonos fogon,,
N-Rossi,persona,Rossi · Sra. de Rossi,,,,,,[origen=cajas] R069 - Pintura P – Q – R,,
N-Santiago,persona,Santiago · Santiago Gómez Cou,,unificar (parcial),Santiago Gómez Cou,277,equipo,,,Equipo: «Santiago Gómez Cou» → Santiago Gómez Cou (Llave 277) · sin resolver: «Santiago» sin coincidencia
N-Sr. W,persona,Sr. W · W. A. Tate,,,,,,,,
N-Sra. Ilsa,persona,Sra. Ilsa · Ilsa Barea · Sra. Ilsa de Barea,,unificar (parcial),Ilsa Barea,—,equipo,,,Equipo: «Ilsa Barea» → Ilsa Barea; «Sra. Ilsa de Barea» → Ilsa Barea · sin resolver: «Sra. Ilsa» sin coincidencia
N-Susana,persona,Susana · Susana Glombovsky · Susana Slomkovsky,,unificar (parcial),Susana Glombovsky de Landman,61,equipo,,,"Caso B (consulta 05, pregunta 5): Glombovsky (Susana Glombovsky de Landman, Ing. Agr., Llave 61; R016, R067, R093); «Glombosky» en inventario R067. «Slomkovsky» = errata según 05, afirmación SIN cita. †2/8/1987; Premio Fundación Susana Glombovsky. · Equipo: «Susana Glombovsky» → Susana Glombovsky de Landman (Llave 61) · sin resolver: «Susana» sin coincidencia; «Susana Slomkovsky» sin coincidencia"
N-Acosta,persona,Acosta · Julio Acosta,,unificar (parcial),Julio F. Acosta,135,equipo,CAIANA (2015)-Cantero y Giordano.pdf | [origen=cajas] R020 - Serie Correspondencia A,p. 145,"«Acosta» ≈ «Acosta, Wladimiro» (100) · Equipo: «Julio Acosta» → Julio F. Acosta (Llave 135) · sin resolver: «Acosta» sin coincidencia"
N-Antonia,persona,Antonia · Ma. Antonia,,,,,,,,
N-Barea,persona,Barea · Arturo Barea · Ilsa Barea · Secretariachurro de Barea · Sra. Ilsa de Barea,,separar,Arturo Barea | Ilsa Barea,89 | —,equipo,[origen=cajas] R163 - Recortes periodísticos 1947_59,,Equipo: «Barea» → Arturo Barea (Llave 89); «Arturo Barea» → Arturo Barea (Llave 89); «Ilsa Barea» → Ilsa Barea; «Sra. Ilsa de Barea» → Ilsa Barea · sin resolver: «Secretariachurro de Barea» sin coincidencia
N-Baunere,persona,Baunere · Pierre Baunere,,,,,,,,
N-Coward,persona,Coward · Noel Coward,,,,,,,,
N-Dr. Guichón,persona,Dr. Guichón · Carlos R. Guichón · Dr. Carlos R. Guichón,,,,,,,,
N-Dr. Torres,persona,Dr. Torres · Alberto Torres · Dr. Alberto Torres · Lino R. Torres · María Teresa Varela de Torres · Prof. Lino R. Torres · Teresa Varela de Torres,,separar,Alberto Torres | Hilda Torres Varela,146 | 13,equipo,"R023 - Serie Correspondencia D.md | Cantero, E (2016) - Tesis_doctoral.pdf; TEMAS X (2012)-Giordano.pdf | [origen=cajas] R023 - Serie Correspondencia D; R036 - Serie Correspondencia T - U", | p. 143; p. 59,«Dr. Torres» ≈ «Carranza Torres» (100) · «Alberto Torres» ≈ «Alberto Torres» (100) · Equipo: «Alberto Torres» → Alberto Torres (Llave 146); «Dr. Alberto Torres» → Alberto Torres (Llave 146); «María Teresa Varela de Torres» → Hilda Torres Varela (Llave 13); «Teresa Varela de Torres» → Hilda Torres Varela (Llave 13) · sin resolver: «Dr. Torres» sin coincidencia; «Lino R. Torres» sin coincidencia; «Prof. Lino R. Torres» sin coincidencia
N-Guichón,persona,Guichón · Carlos R. Guichón · Dr. Carlos R. Guichón,,,,,,,,
N-Hochwalder,persona,Hochwalder · F. Hochwalder,,,,,,,,
N-Ionesco,persona,Ionesco · Eugenio Ionesco,,,,,,,,
N-Iscaro,persona,Iscaro · Bigote Iscaro,,,,,,,,
N-Marchese,persona,Marchese · Víctor Marchese,,unificar,Víctor Marchese,29,equipo,"CAIANA (2025)- Cantero-Reyero-Giordano.pdf; CATÁLOGO-EFDA-PRIMERA PARTE.pdf; R015 - FOGON.md; R016 - Orden de la llave.md; CATÁLOGO-EFDA-SEGUNDA PARTE.pdf; Giordano Reyero en ALTAMIRANO(2023). Arte, cultura y vanguardia en el Chaco [revisado].pdf; GUTIÉRREZ VIÑUALES, R. y GIORDANO, M. L. (1992). El Fogón de los Arrieros y el Plan de Embellecimiento de Resistencia durante la década del sesenta. .pdf; R082 - Esculturas Fogon A-Z.md; R060 - Recortes periodisticos 1978_79.md | [origen=cajas] R239 - Recordes sobre EFDA 1948_2002; R019 - Conferencias, Homenajes y Discursos",p. 168; pp. 37,«Marchese» ≈ «Víctor Marchese» (100) · Equipo: «Marchese» → Víctor Marchese (Llave 29); «Víctor Marchese» → Víctor Marchese (Llave 29)
N-María,persona,María · Ana María,,unificar (parcial),Ana María Barrenechea,427,equipo,R024 - Serie Correspondencia E.md; R029 - Serie Correspondencia L.md,,"«María» ≈ «Kedinger, Ana María» (100) · Equipo: «Ana María» → Ana María Barrenechea (Llave 427) · sin resolver: «María» sin coincidencia"
N-Mena,persona,Mena · J. D. Mena · Juan de Dios Mena,,unificar (parcial),Juan de Dios Mena,1,equipo,"R015 - FOGON.md; CAIANA (2025)- Cantero-Reyero-Giordano.pdf; CATÁLOGO-EFDA-PRIMERA PARTE.pdf; GIORDANO, M.  (2012). Tiempos de modernidad en el Chaco. El Fogón de los Arrieros y su proyecto moderno, .pdf; MALUF DE MASRAMÓN, R. (1980). Nacimiento de las instituciones culturales del Chaco..pdf; R207 - Correspondencias bonos fogon.md; CAIANA (2015)-Cantero y Giordano.pdf; R121 - Periodicos y diarios con articulos sobre el Fogon.md; R134 - Listas llaves y amigos.md; R035 - Serie Correspondencia S.md; CATÁLOGO-EFDA-SEGUNDA PARTE.pdf; Cantero, E (2016) - Tesis_doctoral.pdf; ROMAGNOLI, M. (1989). Resistencia. Capital de las esculturas. .pdf; Gutierrez-Giordano (1992)- EL Fogon y el PLan de embellecimiento de Resistencia.pdf; R060 - Recortes periodisticos 1978_79.md; R019 - Conferencias Homenajes.md; R093 - Mena.md; GIORDANO, M. (1999). Juan de Dios Mena. .pdf | [origen=cajas] R056 - Recortes periodísticos 1984_86; R239 - Recordes sobre EFDA 1948_2002; R121 - Periódicos y Diarios; R092 - Poesías, Discursos y Ordenanzas; R030 - Serie Correspondencia M",p. 1; p. 134; p. 2; p. 45; p. 5; p. 168; p. 48; p. 29; p. 59,«Mena» ≈ «Juan de Dios Mena» (100) · Equipo: «Mena» → Juan de Dios Mena (Llave 1); «Juan de Dios Mena» → Juan de Dios Mena (Llave 1) · sin resolver: «J. D. Mena» sin coincidencia
N-Orentanz,persona,Orentanz · José Ma. Orentanz · José María Orentanz,,,,,,,,
N-Saa,persona,Saa · Horacio Rivero Sosa y Saa,,,,,,,,
N-Tate,persona,Tate · W. A. Tate,,,,,,,,
N-Torres,persona,Torres · Alberto Torres · Dr. Alberto Torres · Lino R. Torres · María Teresa Varela de Torres · Prof. Lino R. Torres · Teresa Varela de Torres,,separar,Alberto Torres | Hilda Torres Varela,146 | 13,equipo,"R023 - Serie Correspondencia D.md | Cantero, E (2016) - Tesis_doctoral.pdf; TEMAS X (2012)-Giordano.pdf | [origen=cajas] R023 - Serie Correspondencia D; R036 - Serie Correspondencia T - U", | p. 143; p. 59,«Torres» ≈ «Carranza Torres» (100) · «Alberto Torres» ≈ «Alberto Torres» (100) · Equipo: «Alberto Torres» → Alberto Torres (Llave 146); «Dr. Alberto Torres» → Alberto Torres (Llave 146); «María Teresa Varela de Torres» → Hilda Torres Varela (Llave 13); «Teresa Varela de Torres» → Hilda Torres Varela (Llave 13) · sin resolver: «Torres» sin coincidencia; «Lino R. Torres» sin coincidencia; «Prof. Lino R. Torres» sin coincidencia
N-Urruchúa,persona,Urruchúa · Demetrio Urruchúa,,unificar,Demetrio de Urruchúa,56,equipo,"R015 - FOGON.md; Giordano Reyero en ALTAMIRANO(2023). Arte, cultura y vanguardia en el Chaco [revisado].pdf; CATÁLOGO-EFDA-PRIMERA PARTE.pdf; R016 - Orden de la llave.md; R036 - Serie Correspondencia T - U.md | [origen=cajas] R163 - Recortes periodísticos 1947_59; R019 - Conferencias, Homenajes y Discursos; R070 - Pintura S – T – U; R086 - Esculturas - Mangas",,«Urruchúa» ≈ «Demetrio de Urruchúa» (100) · Equipo: «Urruchúa» → Demetrio de Urruchúa (Llave 56); «Demetrio Urruchúa» → Demetrio de Urruchúa (Llave 56)
N-Vanzo,persona,Vanzo · Julio Vanzo,,unificar,Julio Vanzo,122,equipo,"CAIANA (2025)- Cantero-Reyero-Giordano.pdf; R023 - Serie Correspondencia D.md; R015 - FOGON.md; R239 - Recordes sobre EFDA 1948_2002.md; Cantero, E (2016) - Tesis_doctoral.pdf; CATÁLOGO-EFDA-SEGUNDA PARTE.pdf; R121 - Periodicos y diarios con articulos sobre el Fogon.md; REYERO, A. (2013). El Fogón de los Arrieros ¿Una vanguardia despolitizada Algunas consideraciones acerca de la modernidad artística en Resistencia (1940- 1960). .pdf | [origen=cajas] R165 - Recortes periodísticos 1964_66; R056 - Recortes periodísticos 1984_86; R037 - Serie Correspondencia V - W; R072 - Pintura V – Z",p. 1; p. 121; p. 37,«Vanzo» ≈ «Julio Vanzo» (100) · Equipo: «Vanzo» → Julio Vanzo (Llave 122); «Julio Vanzo» → Julio Vanzo (Llave 122)
N-Varela,persona,Varela · Gallego Manolo Varela · Hilda Torres Varela · Manolo Varela · Manuel Varela,,separar,Hilda Torres Varela | Manuel Varela,13 | 140,equipo,"R015 - FOGON.md; CAIANA (2025)- Cantero-Reyero-Giordano.pdf; ARQUEROS, G. (2015) Investigación en el campo del arte, presentación de un caso y niveles de anclaje .pdf; R032 - Serie Correspondencia O - P.md; R016 - Orden de la llave.md; R134 - Listas llaves y amigos.md; R023 - Serie Correspondencia D.md; R022 - Serie Correspondencia C.md; efda_estructura_fuentes.md; Giordano Reyero en ALTAMIRANO(2023). Arte, cultura y vanguardia en el Chaco [revisado].pdf; Cantero, E (2016) - Tesis_doctoral.pdf; TORRES VARELA, H. (1979). El Fogón. En El Chaco y su cultura. .pdf; R035 - Serie Correspondencia S.md; CATÁLOGO-EFDA-SEGUNDA PARTE.pdf; R121 - Periodicos y diarios con articulos sobre el Fogon.md; R019 - Conferencias Homenajes.md; R144 - Libro Actas EFDA 1-2.md; R089 - Mena.md; R060 - Recortes periodisticos 1978_79.md; CATÁLOGO-EFDA-PRIMERA PARTE.pdf; GIORDANO, M.  (2012). Tiempos de modernidad en el Chaco. El Fogón de los Arrieros y su proyecto moderno, .pdf | [origen=cajas] R163 - Recortes periodísticos 1947_59; R239 - Recordes sobre EFDA 1948_2002; R019 - Conferencias, Homenajes y Discursos; R035 - Serie Correspondencia S; R023 - Serie Correspondencia D; R032 - Serie Correspondencia O - P; R020 - Serie Correspondencia A; R036 - Serie Correspondencia T - U",p. 1; p. 106; p. 26; p. 59,«Varela» ≈ «Hilda Torres Varela» (100) · Equipo: «Hilda Torres Varela» → Hilda Torres Varela (Llave 13); «Manuel Varela» → Manuel Varela (Llave 140) · sin resolver: «Varela» sin coincidencia; «Gallego Manolo Varela» sin coincidencia; «Manolo Varela» sin coincidencia
N-Vedinger,persona,Vedinger · A. M. Vedinger · M. Vedinger,,,,,,,,
