sobre,titulo_indice,lectura_dudosa,nota
1,"Viejo edificio de ""El Fogón de los Arrieros""",,
2,Juan de Dios Mena – Sus obras,,
3,"En el viejo ""Fogón de los Arrieros""",,
4,"Conjunto ""Fray Mocho"" en el viejo ""Fogón""",,
5,Estela Quatrocchio,si,apellido de lectura dudosa
6,Visita del hijo del Gral. Montgomery,,
7,Mauro Núñez y conjunto folklórico,,
8,René Brusau,,
9,Pedro López Lagar,,
10,Hermanos Carrillo,si,apellido de lectura dudosa
11,Moisés Chilese,si,apellido de lectura dudosa
12,"Jorge Rigaud, Santiago Gómez Cou, Carlos Ginés",,
13,Fernando Birri,,
14,Jorge Luis Borges,,
15,Antonio de Raco – Elizabeth Westerkamp,,
16,Dr. Roberto Guidión,si,apellido de lectura dudosa
17,Witold Malcuzynski,,grafía original: Malcusinsky
18,Entregas de llaves,,
19,Arturo Barea,,
20,Dr. Alberto Torres,,
21,Juan L. Ortiz,,
22,Luis Ángel Firpo,,
23,Haydée Helguera,,
24,"Teatro: ""El café de Pomona""",si,título de lectura dudosa
25,"Teatro: ""El jugador""",,
26,Cumpleaños de Aldo,,
27,Víctor Marchese,,
28,"""Fernando""",,
29,Coronel (R) Miguel Ángel Mascaró,,
30,Homenaje a Mena – Abril de 1956,,
31,José Battini,si,apellido de lectura dudosa
32,Teatro: Obra de Hochwälder – Conferencia de Aldo,,
33,Dr. José R. Bergallo,,
34,"Visita de poetas correntinos y Ballet del ""Fogón""",,
35,"Vistas de la construcción del edificio del ""Fogón""",,
36,Ezequiel Martínez Estrada,,
37,Medina Ortiz,si,lectura dudosa
38,"Teatro: ""Cita en Senlis""",,
39,"Teatro: ""El profesor Taranne""",,
40,Emilio Novas,si,apellido de lectura dudosa
41,Arturo Frondizi,si,papel dañado en el nombre
42,Visita del Presidente del Rotary Club Internacional,si,papel dañado
43,Carlos Erro,,
44,"Teatro: ""Antígona""",,
45,Revolución septiembre de 1955 – Aerolíneas,si,última palabra de lectura dudosa
46,"Teatro: ""Fin de semana""",,"tachado en el original: ""Antígona"""
47,Dr. Abraham Jaroslavsky,,
48,Euclides Ventura Cardoso y comitiva Caja Ahorro,si,final de línea de lectura dudosa
49,"Teatro: ""El zoo de cristal""",,
50,Adolfo Guidoni – Tito Diric,si,nombres de lectura dudosa
51,Inauguración mural de Demetrio Urruchúa,,
52,Ariel Ramírez,,
53,"Teatro: ""Santiago o la sumisión""",,
54,Robert Mac Errin,si,lectura dudosa
55,César Fernández Navarro,,
56,Oscar Alemán,,
57,Haydée Loustaunau,,
58,"Teatro: ""La libra de carne""",,
59,Jorge Romero Brest,,
60,Homenaje a la libertad de Cuba,,
61,Nicolás Guillén,,
62,Hugo del Carril y su compañía,,
63,Paulina Ossona y conjunto coreográfico – 1959,,
64,Francisco Javier,,
65,"Teatro: ""Azuk""",si,título de lectura dudosa
66,María Fux,,
67,Aldo,,"tachado en verde: ""64 bis"""
68,Aldo,,
69,Aldo,,
70,Dr. Nicolás Juárez García – Interventor Tucumán,,
71,"Conjunto ""Fray Mocho""",,
72,Fernando Arranz – Martín Rampín – R. Bonome,si,segundo nombre de lectura dudosa
73,Nicolás Antonio de San Luis,,
74,Antonio Vázquez,,
75,Contraalmirante Isaac Rojas,,
76,Ubaldo Martínez,,
77,Raúl Monsegur – Murales,,
78,"Teatro: ""Liliom""",,
79,Juan Mantovani,,
80,Directorio de La Forestal Argentina,,
81,"Interiores y exteriores del ""Fogón""",,
82,Brigadier Moragues – Concentración Aerolíneas,si,lectura dudosa
83,Jacinto Castillo,,
84,Armando Asti Vera,,
85,"Fiesta y baile en ""El Fogón de los Arrieros""",,
86,Ikebana,,
87,"""El Fogón de los Arrieros"" – Varios",,
88,"""El Fogón de los Arrieros"" – Varios",,
89,"""El Fogón de los Arrieros"" – Varios",,
90,Homenaje a Mena – Abril de 1961,,
91,Estatuas en las calles,,
92,Santiago Gómez Cou,,
93,Mesa redonda sobre A. Eichmann,,
94,Teatro leído – Obra de Rattigan,,
95,Nelly Vaccarezza de Vaccarezza,si,lectura dudosa
96,Teatro: Obra de Chéjov,,
97,"Premier del ""Fogón"" – 3 de junio de 1961",,
98,Ernesto Sábato,,
99,"Teatro: ""Un sabor a miel""",,
100,Despedida de soltero: Tila Morgs – Jaulín,si,nombres de lectura dudosa
101,Profesor Tacca – Litografías Pettoruti,,
102,Despedida matrimonio Bustos y S. de Bustamante,si,lectura dudosa
103,Cónsul General de Italia – 1961,,
104,Juan Manuel Fangio – Eduardo Falú,,
105,Oberdan Caletti,,
106,"Interiores y exteriores de ""El Fogón de los Arrieros""",,
107,Bernardo Canal Feijóo,,
108,Despedida Gallego Hermida – 30-6-61,si,año de lectura dudosa (51 o 61)
109,Banquines y jardines,,
110,Homenaje al Maestro Luis Gusberti,,
111,Paulina Ossona y su conjunto – 1962,,
112,Festejo Día del Niño,si,lectura dudosa
113,Emilio Pettoruti – Córdoba Iturburu,,
114,Libero Badii,,
115,Mabel Bonome,,
116,María Fux – 1962,,
117,"Teatro: ""La gran furia de Felipe Hotz""",,
118,"Teatro: ""El que dice sí, el que dice no""",,
119,Muestra de las obras de Mena,,
