forma,variantes,tipo,rol,fechas,fuente,pagina,n_llave,conflicto,autoridad,origen,verificado
Juan de Dios Mena,"Capataz; ""el gaucho Mena""; Mena; Juan D. Dios; ""El Negro Mena""; ""Capataz""; ""Gaucho Mena""; Juan D. Dios Mena; El Capataz; Juan de Dios Mena; Juan Mena; Negro Mena; Gaucho Mena",persona,"Escultor, poeta, cofundador y ""Capataz"" del Fogón de los Arrieros",1897-1954 (residente en EFDA desde 1944),"R015 - FOGON.md; CAIANA (2025)- Cantero-Reyero-Giordano.pdf; CATÁLOGO-EFDA-PRIMERA PARTE.pdf; GIORDANO, M.  (2012). Tiempos de modernidad en el Chaco. El Fogón de los Arrieros y su proyecto moderno, .pdf; MALUF DE MASRAMÓN, R. (1980). Nacimiento de las instituciones culturales del Chaco..pdf; R207 - Correspondencias bonos fogon.md; CAIANA (2015)-Cantero y Giordano.pdf; R121 - Periodicos y diarios con articulos sobre el Fogon.md; R134 - Listas llaves y amigos.md; R035 - Serie Correspondencia S.md; CATÁLOGO-EFDA-SEGUNDA PARTE.pdf; Cantero, E (2016) - Tesis_doctoral.pdf; ROMAGNOLI, M. (1989). Resistencia. Capital de las esculturas. .pdf; Gutierrez-Giordano (1992)- EL Fogon y el PLan de embellecimiento de Resistencia.pdf; R060 - Recortes periodisticos 1978_79.md; R019 - Conferencias Homenajes.md; R093 - Mena.md; GIORDANO, M. (1999). Juan de Dios Mena. .pdf",p. 1; p. 134; p. 2; p. 45; p. 5; p. 168; p. 48; p. 29; p. 59,1,,Juan de Dios Mena,notebook,no
Aldo Boglietti,Peón; Aldo Rulito Boglietti; Peón Aldo; Bacan,persona,"Comerciante rosarino, fundador principal, animador cultural y ""Peón"" de EFDA",1908-1979 (funda EFDA en 1943/1944),"R015 - FOGON.md; CATÁLOGO-EFDA-PRIMERA PARTE.pdf; MALUF DE MASRAMÓN, R. (1980). Nacimiento de las instituciones culturales del Chaco..pdf; CAIANA (2015)-Cantero y Giordano.pdf; ARQUEROS, G. (2015) Investigación en el campo del arte, presentación de un caso y niveles de anclaje .pdf; R023 - Serie Correspondencia D.md; Cantero, E (2016) - Tesis_doctoral.pdf",,11,,Aldo Boglietti,notebook,no
Efraín Boglietti,"Efraín; Efraim Boglietti; Efraín ""el hermano""; ""el menor de los hermanos""",persona,"Cofundador, gestor y Presidente del Consejo Directivo de la Fundación EFDA",Vinculado desde 1943/1944; Presidente institucional (fallecido en 1991),"R015 - FOGON.md; CATÁLOGO-EFDA-PRIMERA PARTE.pdf; CAIANA (2015)-Cantero y Giordano.pdf; R018 - Fallecimiento Efrain.md; R023 - Serie Correspondencia D.md; R032 - Serie Correspondencia O - P.md; REYERO, A. (2013). El Fogón de los Arrieros ¿Una vanguardia despolitizada Algunas consideraciones acerca de la modernidad artística en Resistencia (1940- 1960). .pdf; Cantero, E (2016) - Tesis_doctoral.pdf; R035 - Serie Correspondencia S.md; R121 - Periodicos y diarios con articulos sobre el Fogon.md; CATÁLOGO-EFDA-SEGUNDA PARTE.pdf; R019 - Conferencias Homenajes.md; Giordano Reyero en ALTAMIRANO(2023). Arte, cultura y vanguardia en el Chaco [revisado].pdf; ROMAGNOLI, M. (1989). Resistencia. Capital de las esculturas. .pdf; R144 - Libro Actas EFDA 1-2.md; R060 - Recortes periodisticos 1978_79.md",p. 1; p. 106; p. 30; p. 52; p. 58,3,,Efraín Boglietti,notebook,no
Hilda Torres Varela,"Hilda; B. Torres Varela; Hilda.; Hilda Torres-Varela; H. Torres Varela; ""Alma mater""; ""Pirusha""; ""Directora del Boletín""; ""Llave 13""",persona,"Escritora, Directora de Teatro, Presidenta y Consejera del Consejo Directivo de EFDA (Llave 13)",Vinculada desde la década de 1950 (fallecida en 2002),"R015 - FOGON.md; CAIANA (2025)- Cantero-Reyero-Giordano.pdf; ARQUEROS, G. (2015) Investigación en el campo del arte, presentación de un caso y niveles de anclaje .pdf; R032 - Serie Correspondencia O - P.md; R016 - Orden de la llave.md; R134 - Listas llaves y amigos.md; R023 - Serie Correspondencia D.md; R022 - Serie Correspondencia C.md; efda_estructura_fuentes.md; Giordano Reyero en ALTAMIRANO(2023). Arte, cultura y vanguardia en el Chaco [revisado].pdf; Cantero, E (2016) - Tesis_doctoral.pdf; TORRES VARELA, H. (1979). El Fogón. En El Chaco y su cultura. .pdf; R035 - Serie Correspondencia S.md; CATÁLOGO-EFDA-SEGUNDA PARTE.pdf; R121 - Periodicos y diarios con articulos sobre el Fogon.md; R019 - Conferencias Homenajes.md; R144 - Libro Actas EFDA 1-2.md; R089 - Mena.md; R060 - Recortes periodisticos 1978_79.md; CATÁLOGO-EFDA-PRIMERA PARTE.pdf; GIORDANO, M.  (2012). Tiempos de modernidad en el Chaco. El Fogón de los Arrieros y su proyecto moderno, .pdf",p. 1; p. 106; p. 26; p. 59,13,,Hilda Torres Varela,notebook,no
René Brusau,Brusau; René Brusau,persona,"Pintor vanguardista, diseñador del solado e intervenciones pictóricas sobre soportes funcionales (Llave 157)",1923-1956,"REYERO, A. (2013). El Fogón de los Arrieros ¿Una vanguardia despolitizada Algunas consideraciones acerca de la modernidad artística en Resistencia (1940- 1960). .pdf; R016 - Orden de la llave.md; CATÁLOGO-EFDA-PRIMERA PARTE.pdf; CATÁLOGO-EFDA-SEGUNDA PARTE.pdf; R121 - Periodicos y diarios con articulos sobre el Fogon.md",p. 121; pp. 55,157,,René Brusau,notebook,no
Humberto Horacio Mascheroni,Arq. Horacio Mascheroni; Humberto Mascheroni,persona,Arquitecto proyectista del edificio definitivo de EFDA (Brown 350) y Tesorero de la institución (Llave 78),Proyectó el edificio en 1952-1955; Tesorero hasta 1995,"R015 - FOGON.md; CATÁLOGO-EFDA-PRIMERA PARTE.pdf; efda_estructura_fuentes.md; CATÁLOGO-EFDA-SEGUNDA PARTE.pdf; Cantero, E (2016) - Tesis_doctoral.pdf",,78,,Humberto Horacio Mascheroni,notebook,no
Julio Vanzo,Vanzo; J. Vanzo; Julio Vanzo; J.V.,persona,"Pintor rosarino, autor del mural del frente (""Mano abierta"") y retratos en EFDA",Frecuentó EFDA entre las décadas de 1940 y 1970,"CAIANA (2025)- Cantero-Reyero-Giordano.pdf; R023 - Serie Correspondencia D.md; R015 - FOGON.md; R239 - Recordes sobre EFDA 1948_2002.md; Cantero, E (2016) - Tesis_doctoral.pdf; CATÁLOGO-EFDA-SEGUNDA PARTE.pdf; R121 - Periodicos y diarios con articulos sobre el Fogon.md; REYERO, A. (2013). El Fogón de los Arrieros ¿Una vanguardia despolitizada Algunas consideraciones acerca de la modernidad artística en Resistencia (1940- 1960). .pdf",p. 1; p. 121; p. 37,122,,Julio Vanzo,notebook,no
Rodrigo Bonome,"Don Rodrigo Bonome; ""El Cid Hablador""; Bonome; Rodrigo Bonome; R. Bonome; El Cid Hablador",persona,"Pintor, ensayista, gestor-facilitador en Buenos Aires y autor de columnas/puertas pintadas en EFDA",1906-1990,"R019 - Conferencias Homenajes.md; CAIANA (2015)-Cantero y Giordano.pdf; CAIANA (2025)- Cantero-Reyero-Giordano.pdf; CANTERO, E. y GIORDANO, M. (2015). Colección, agencia y sociabilidad. Obras de producción espontánea en espacios funcionales de El Fogón de los Arrieros..pdf; CATÁLOGO-EFDA-PRIMERA PARTE.pdf; CATÁLOGO-EFDA-SEGUNDA PARTE.pdf; GUTIÉRREZ VIÑUALES, R. y GIORDANO, M. L. (1992). El Fogón de los Arrieros y el Plan de Embellecimiento de Resistencia durante la década del sesenta. .pdf",p. 133; pp. 161,127,,Rodrigo Bonome,notebook,no
Víctor Marchese,Marchese; V. Marchese; Víctor Marchese; Victor Marchessi; Victor Maschese,persona,"Escultor, gestor-facilitador en Buenos Aires, autor de terracotas en la estufa de EFDA (Llave 29)",Vinculado desde la década de 1940,"CAIANA (2025)- Cantero-Reyero-Giordano.pdf; CATÁLOGO-EFDA-PRIMERA PARTE.pdf; R015 - FOGON.md; R016 - Orden de la llave.md; CATÁLOGO-EFDA-SEGUNDA PARTE.pdf; Giordano Reyero en ALTAMIRANO(2023). Arte, cultura y vanguardia en el Chaco [revisado].pdf; GUTIÉRREZ VIÑUALES, R. y GIORDANO, M. L. (1992). El Fogón de los Arrieros y el Plan de Embellecimiento de Resistencia durante la década del sesenta. .pdf; R082 - Esculturas Fogon A-Z.md; R060 - Recortes periodisticos 1978_79.md",p. 168; pp. 37,29,,Víctor Marchese,notebook,no
Avelino M. Hermida,Hermida; A. M. Hermida,persona,"Empresario maderero, gestor-facilitador de EFDA en Rosario (Llave 116)",Décadas de 1950 y 1960,efda_estructura_fuentes.md; CAIANA (2025)- Cantero-Reyero-Giordano.pdf; R015 - FOGON.md; R016 - Orden de la llave.md,,116,,Avelino M. Hermida,notebook,no
Carlos Schenone,Schenone; C. Schenone; Carlos Schenone; Schennone,persona,"Pintor, fotógrafo e integrante del núcleo pionero del Ateneo del Chaco y EFDA (Llave 92)",Décadas de 1940 y 1950,"CAIANA (2025)- Cantero-Reyero-Giordano.pdf; REYERO, A. (2013). El Fogón de los Arrieros ¿Una vanguardia despolitizada Algunas consideraciones acerca de la modernidad artística en Resistencia (1940- 1960). .pdf; R239 - Recordes sobre EFDA 1948_2002.md; R015 - FOGON.md; R016 - Orden de la llave.md; Cantero, E (2016) - Tesis_doctoral.pdf; GUTIÉRREZ VIÑUALES, R. y GIORDANO, M. L. (1992). El Fogón de los Arrieros y el Plan de Embellecimiento de Resistencia durante la década del sesenta. .pdf; R121 - Periodicos y diarios con articulos sobre el Fogon.md; R060 - Recortes periodisticos 1978_79.md",p. 168; p. 38,92,,Carlos Schenone,notebook,no
José Zali,Zali; Zaci José; José Zali; José Zail,persona,"Pintor, integrante del círculo inicial y retratista de Schenone (Llave 9)",Décadas de 1940 y 1950,"CAIANA (2025)- Cantero-Reyero-Giordano.pdf; REYERO, A. (2013). El Fogón de los Arrieros ¿Una vanguardia despolitizada Algunas consideraciones acerca de la modernidad artística en Resistencia (1940- 1960). .pdf; R016 - Orden de la llave.md; R015 - FOGON.md; R072 - Pintura V - Z.md; Cantero, E (2016) - Tesis_doctoral.pdf; Gutierrez-Giordano (1992)- EL Fogon y el PLan de embellecimiento de Resistencia.pdf; R121 - Periodicos y diarios con articulos sobre el Fogon.md",p. 160,9,,José Zali,notebook,no
Grete Stern,Stern; Grete,persona,"Fotógrafa alemana, realizadora de la primera serie fotográfica documental de EFDA",Década de 1950,R015 - FOGON.md; CAIANA (2025)- Cantero-Reyero-Giordano.pdf; CATÁLOGO-EFDA-PRIMERA PARTE.pdf,,231,,Grete Stern,notebook,no
Fernando Arranz López,F. Arranz; Fernando Arranz,persona,"Ceramista y pintor español, creador de piezas cerámicas y columnas decoradas en EFDA",1906-1967 (intervención en EFDA en 1958),"CAIANA (2015)-Cantero y Giordano.pdf; CATÁLOGO-EFDA-PRIMERA PARTE.pdf; R082 - Esculturas Fogon A-Z.md; CANTERO, E. y GIORDANO, M. (2015). Colección, agencia y sociabilidad. Obras de producción espontánea en espacios funcionales de El Fogón de los Arrieros..pdf; CATÁLOGO-EFDA-SEGUNDA PARTE.pdf",pp. 133; pp. 41–42,227,,Fernando Arranz López,notebook,no
Gyula Kosice,Kosice; Kósice; Gyula Kosice,persona,"Escultor hidráulico, cofundador del Movimiento MADÍ y colaborador del Boletín (Llave 82)",Décadas de 1950 y 1960,"efda_estructura_fuentes.md; Giordano Reyero en ALTAMIRANO(2023). Arte, cultura y vanguardia en el Chaco [revisado].pdf; R121 - Periodicos y diarios con articulos sobre el Fogon.md; Cantero, E (2016) - Tesis_doctoral.pdf; CAIANA (2015)-Cantero y Giordano.pdf; REYERO, A. (2013). El Fogón de los Arrieros ¿Una vanguardia despolitizada Algunas consideraciones acerca de la modernidad artística en Resistencia (1940- 1960). .pdf",p. 121; p. 37,82,,Gyula Kosice,notebook,no
Raúl González Tuñón,González Tuñón; Tuñón,persona,"Poeta y escritor, visitante ilustre y colaborador de EFDA (Llave 5)",Décadas de 1940 a 1960,"GIORDANO, M.  (2012). Tiempos de modernidad en el Chaco. El Fogón de los Arrieros y su proyecto moderno, .pdf; R015 - FOGON.md; Cantero, E (2016) - Tesis_doctoral.pdf; R121 - Periodicos y diarios con articulos sobre el Fogon.md; R016 - Orden de la llave.md; R019 - Conferencias Homenajes.md",,5,,Raúl González Tuñón,notebook,no
Alfredo Veiravé,Veiravé; Alfredo; Alfredo Veirave,persona,"Poeta, profesor universitario en la UNNE y difusor cultural de EFDA",Vinculado desde 1958,"GIORDANO, M.  (2012). Tiempos de modernidad en el Chaco. El Fogón de los Arrieros y su proyecto moderno, .pdf; R015 - FOGON.md; R022 - Serie Correspondencia C.md; CATÁLOGO-EFDA-PRIMERA PARTE.pdf; R023 - Serie Correspondencia D.md; R060 - Recortes periodisticos 1978_79.md; efda_estructura_fuentes.md; CATÁLOGO-EFDA-SEGUNDA PARTE.pdf; Cantero, E (2016) - Tesis_doctoral.pdf",p. 11; p. 176; p. 24,235,,Alfredo Veiravé,notebook,no
Jacobo Finkelstein,Dr. Finkelstein; Finkelstein,persona,"Médico, integrante del grupo fundador pionero y colaborador del Boletín (Llave 18)",Décadas de 1940 a 1970,"R015 - FOGON.md; R016 - Orden de la llave.md; Cantero, E (2016) - Tesis_doctoral.pdf",,18,,Jacobo Finkelstein,notebook,no
Adolfo Petraglia,Petraglia; Dr. Petraglia,persona,"Químico, actor del Teatro Experimental de EFDA y Presidente del Ateneo del Chaco (Llave 35)",Décadas de 1940 a 1970,"MALUF DE MASRAMÓN, R. (1980). Nacimiento de las instituciones culturales del Chaco..pdf; R015 - FOGON.md; Cantero, E (2016) - Tesis_doctoral.pdf; R016 - Orden de la llave.md; R018 - Fallecimiento Efrain.md",,35,,Adolfo Petraglia,notebook,no
Moisés L. Penchansky,Dr. Penchansky; Penchausky; Moises,persona,"Abogado, vocal del Consejo Directivo de la Fundación EFDA (Llave 34)",Décadas de 1950 a 1990,"R032 - Serie Correspondencia O - P.md; R015 - FOGON.md; Cantero, E (2016) - Tesis_doctoral.pdf; R016 - Orden de la llave.md; R018 - Fallecimiento Efrain.md",,34,"grafía: notebook «Moisés L. Penchansky» / libro Llave 34 «Penchasky, Moisés»",Moisés Penchasky,notebook,no
Carlos Alberto Celada,Coco Celada; Alberto Carlos Celada,persona,Consejero del Consejo Directivo de la Fundación EFDA,Décadas de 1970 a 1990,"R023 - Serie Correspondencia D.md; R032 - Serie Correspondencia O - P.md; R015 - FOGON.md; efda_estructura_fuentes.md; R018 - Fallecimiento Efrain.md; Cantero, E (2016) - Tesis_doctoral.pdf",,,,Carlos Alberto Celada,notebook,no
Josué Fossati,Fossati; Josué,persona,Vocal y consejero del Consejo Directivo de la Fundación EFDA,Décadas de 1970 a 1990,"R018 - Fallecimiento Efrain.md; R032 - Serie Correspondencia O - P.md; R015 - FOGON.md; R021- Serie Correspondencia B.md; Cantero, E (2016) - Tesis_doctoral.pdf",,189,,Josué Fossati,notebook,no
Crisanto Domínguez,Domínguez; Crisanto Domínguez,persona,"Escultor chaqueño, autor de la escultura ""El Lanzazo"" y cabezas retratos en EFDA",Décadas de 1940 y 1950,"CAIANA (2025)- Cantero-Reyero-Giordano.pdf; R015 - FOGON.md; R082 - Esculturas Fogon A-Z.md; R053 - Recortes periodisticos 1995_97.md; Cantero, E (2016) - Tesis_doctoral.pdf; GUTIÉRREZ VIÑUALES, R. y GIORDANO, M. L. (1992). El Fogón de los Arrieros y el Plan de Embellecimiento de Resistencia durante la década del sesenta. .pdf; R060 - Recortes periodisticos 1978_79.md",p. 168; p. 38,,,Crisanto Domínguez,notebook,no
Demetrio de Urruchúa,Urruchúa,persona,"Pintor y muralista, autor del fresco ""Tirruchúa"" (3,40 x 2,30 m) en EFDA (Llave 56)",Década de 1950,"R015 - FOGON.md; Giordano Reyero en ALTAMIRANO(2023). Arte, cultura y vanguardia en el Chaco [revisado].pdf; CATÁLOGO-EFDA-PRIMERA PARTE.pdf; R016 - Orden de la llave.md; R036 - Serie Correspondencia T - U.md",,56,,Demetrio de Urruchúa,notebook,no
Oscar Capristo,Capristo; O. Capristo; Oscar Capristo,persona,"Pintor y dibujante, autor de la columna pintada en tinta en EFDA",1921-2006 (intervención en EFDA en 1977),CATÁLOGO-EFDA-PRIMERA PARTE.pdf; CATÁLOGO-EFDA-SEGUNDA PARTE.pdf; R053 - Recortes periodisticos 1995_97.md; R065 - Pintura C - D.md; CAIANA (2015)-Cantero y Giordano.pdf,p. 75,347,,Oscar Capristo,notebook,no
Juan Grela,Grela; J. Grela,persona,"Pintor y grabador del Grupo Litoral, autor de intervenciones murales en EFDA (Llave 250)",1914-1992 (frecuentó EFDA desde la década de 1950),"CATÁLOGO-EFDA-PRIMERA PARTE.pdf; CAIANA (2015)-Cantero y Giordano.pdf; R067 - Pinura G - H -I -J -K.md; Cantero, E (2016) - Tesis_doctoral.pdf",,250,,Juan Grela,notebook,no
Marcelo Gustin,Gustin; Arq. Marcelo Gustin,persona,Vicepresidente e integrante del Consejo Directivo de la Fundación EFDA,Décadas de 1990 a 2020,efda_estructura_fuentes.md; CATÁLOGO-EFDA-SEGUNDA PARTE.pdf; R134 - Listas llaves y amigos.md,pp. 28,,,Marcelo Gustin,notebook,no
Daniel Moscatelli,Moscatelli; Daniel; Dr. Daniel Moscatelli,persona,Presidente del Consejo Directivo de la Fundación EFDA,Década de 2000,"efda_estructura_fuentes.md; R134 - Listas llaves y amigos.md; Cantero, E (2016) - Tesis_doctoral.pdf; R019 - Conferencias Homenajes.md; CATÁLOGO-EFDA-SEGUNDA PARTE.pdf; R145 - Libro actas 3.md; R020 - Serie Correspondencia A.md",p. 1; p. 28,,,Daniel Moscatelli,notebook,no
Patricia A. Cowper-Coles,Patricia Cowper Coles; Cowper-Coles; Patricia A. Cowper-Coles; Prof. Patricia Cowper Coles,persona,Secretaria y consejera del Consejo Directivo de la Fundación EFDA,Décadas de 2000 a 2020,CATÁLOGO-EFDA-SEGUNDA PARTE.pdf; R134 - Listas llaves y amigos.md,p. 1; p. 28,,,Patricia A. Cowper-Coles,notebook,no
"Boglietti, Aldo Pervando","Aldo Boglietti; D. Aldo Boglietti; ""Peón""; ""Toto""; Aldo ""el rosarino""; ""Peón único""",persona,"Fundador principal, propietario de la casa, ""Peón"" del Fogón, Presidente vitalicio de la Fundación El Fogón de los Arrieros .",1937 / 1943-1944 – 1979 (fallecido el 29/08/1979) .,"R121 - Periodicos y diarios con articulos sobre el Fogon.md; R015 - FOGON.md; R035 - Serie Correspondencia S.md; R019 - Conferencias Homenajes.md; R144 - Libro Actas EFDA 1-2.md; CAIANA (2015)-Cantero y Giordano.pdf; CATÁLOGO-EFDA-SEGUNDA PARTE.pdf; Cantero, E (2016) - Tesis_doctoral.pdf; GIORDANO, M.  (2012). Tiempos de modernidad en el Chaco. El Fogón de los Arrieros y su proyecto moderno, .pdf; Giordano Reyero en ALTAMIRANO(2023). Arte, cultura y vanguardia en el Chaco [revisado].pdf; ROMAGNOLI, M. (1989). Resistencia. Capital de las esculturas. .pdf",p. 1; p. 134; p. 5; p. 50; p. 58,11,,Aldo Boglietti,notebook,no
"Friap (o Friaptituta), ""Bocha""","""Bocha"" Friap; ""la bella y querida Bocha Friaptituta""; Sra. de Efraín Boglietti",persona,Familiar de los fundadores (Esposa de Efraín Boglietti; su casamiento en 1944 motivó la mudanza de Aldo a Brown 188) .,c. 1944 .,"R015 - FOGON.md; R019 - Conferencias Homenajes.md; Cantero, E (2016) - Tesis_doctoral.pdf; ROMAGNOLI, M. (1989). Resistencia. Capital de las esculturas. .pdf; R002 - Guias Fogonis.md; R060 - Recortes periodisticos 1978_79.md; CATÁLOGO-EFDA-SEGUNDA PARTE.pdf; GIORDANO, M.  (2012). Tiempos de modernidad en el Chaco. El Fogón de los Arrieros y su proyecto moderno, .pdf; TEMAS X (2012)-Giordano.pdf",p. 106; p. 2; p. 51; p. 59,3,,Efraín Boglietti,notebook,no
"Boglietti, Mauro",Mauro Boglietti,persona,Familiar de los fundadores (Sobrino / autor del Informe presentado al Consejo Directivo) .,Década de 1970 / 1980 .,"Cantero, E (2016) - Tesis_doctoral.pdf",p. 1; p. 182,,,,notebook,no
"Boglietti, Amer y Luis","""Sus sobrinos Amer y Luis""",persona,Familiares de los fundadores (Sobrinos de Aldo y Efraín Boglietti) .,Décadas de 1970 – 1980 .,R018 - Fallecimiento Efrain.md,,,,,notebook,no
"Celada, Alberto Carlos","Alberto C. Celada; Carlos Celada; A. C. Celada; ""Coce""; Coco Celada; Alberto Celada",persona,Consejero Directivo de la Fundación (incorporado por reforma estatutaria en 1978) .,1978 – década de 1990 .,R035 - Serie Correspondencia S.md; R032 - Serie Correspondencia O - P.md; R144 - Libro Actas EFDA 1-2.md; R038 - Series Correspondencia X - Y - Z.md; R023 - Serie Correspondencia D.md; R029 - Serie Correspondencia L.md; R037 - Serie Correspondencia V - W.md; R024 - Serie Correspondencia E.md; efda_estructura_fuentes.md; R134 - Listas llaves y amigos.md,p. 1; p. 30,,,Carlos Alberto Celada,notebook,no
"Fossati, Josué C. G.",Dr. Josué Fossati; Josué C.G. Fossatti; Dr. Fossati,persona,"Consejero Directivo de la Fundación (1978), Tesorero del Consejo Directivo y Presidente de la Comisión de Finanzas (desde 01/01/1982) .",1978 – década de 1990 .,"R035 - Serie Correspondencia S.md; R032 - Serie Correspondencia O - P.md; R144 - Libro Actas EFDA 1-2.md; R038 - Series Correspondencia X - Y - Z.md; R021- Serie Correspondencia B.md; Cantero, E (2016) - Tesis_doctoral.pdf",p. 1; p. 147; p. 30,189,,Josué Fossati,notebook,no
"Penchansky, Moisés León",Dr. Moisés L. Penchansky; Moisés Penchansky; Moisés León Penchansky,persona,Consejero Directivo de la Fundación (incorporado por reforma estatutaria en 1978) .,1978 – década de 1990 .,R035 - Serie Correspondencia S.md; R032 - Serie Correspondencia O - P.md; R144 - Libro Actas EFDA 1-2.md; R038 - Series Correspondencia X - Y - Z.md; R018 - Fallecimiento Efrain.md,p. 1; p. 30,,,Moisés L. Penchansky,notebook,no
"Serra, Héctor",Escribano Héctor Serra; Esc. Héctor Serra; Héctor Serra,persona,Consejero Directivo de la Fundación (incorporado en agosto de 1979 tras el fallecimiento de Aldo Boglietti) .,1979 – década de 1990 .,R035 - Serie Correspondencia S.md; R032 - Serie Correspondencia O - P.md; R144 - Libro Actas EFDA 1-2.md; R038 - Series Correspondencia X - Y - Z.md; efda_estructura_fuentes.md; R018 - Fallecimiento Efrain.md,p. 1; p. 30,69,,Héctor José Serra,notebook,no
"Schanton, Beldy",Hugo y Veldis Schanton; Beldy Schanton,persona,Integrante del Consejo Directivo / Consejera .,Décadas de 1980 – 1990 .,R019 - Conferencias Homenajes.md; R018 - Fallecimiento Efrain.md,,335,,Hugo Schanton,notebook,no
"Dellatorre de Moglia, Elsa A.",Elsa Dellatorre; Elsa De la Torre; Elsa Moglia; Prof. Elsa Dellatorre; Elsa A. Dellatorre; Profesora Elsa Dellatorre,persona,"Consejera, Secretaria del Consejo Directivo y Archivista de la Fundación (desde 1980) .",1980 – 2004 .,"R019 - Conferencias Homenajes.md; R145 - Libro actas 3.md; Cantero, E (2016) - Tesis_doctoral.pdf; efda_estructura_fuentes.md; R020 - Serie Correspondencia A.md",p. 1; p. 121; pp. 24,,,,notebook,no
"Mascheroni, Horacio (hijo)",Arq. Horacio Mascheroni (h); Horacio Mascheroni (hijo),persona,Tesorero del Consejo Directivo (renunció en 1995; reincorporado posteriormente) e integrante del Consejo Directivo de Administración .,Década de 1980 – presente .,"R019 - Conferencias Homenajes.md; CATÁLOGO-EFDA-SEGUNDA PARTE.pdf; R145 - Libro actas 3.md; Cantero, E (2016) - Tesis_doctoral.pdf; efda_estructura_fuentes.md; R026 - Serie Correspondencia G2.md; R030 - Serie Correspondencia M.md",p. 1; p. 27,,,,notebook,no
"Gustin, Marcelo Adolfo",Arq. Marcelo Gustin; Arq. Marcelo A. Gustin; Marcelo Gustin,persona,Consejero Cultural / Vicepresidente del Consejo Directivo de Administración de la Fundación .,Década de 1990 – presente .,"R019 - Conferencias Homenajes.md; R145 - Libro actas 3.md; R134 - Listas llaves y amigos.md; R020 - Serie Correspondencia A.md; CATÁLOGO-EFDA-SEGUNDA PARTE.pdf; efda_estructura_fuentes.md; Cantero, E (2016) - Tesis_doctoral.pdf",p. 1; p. 26; p. 28,,,Marcelo Gustin,notebook,no
"Scuffi, Julio",Julio Scuffi,persona,Consejero / Vocal del Consejo Directivo .,Década de 2000 (p. ej. 2003-2004) .,R145 - Libro actas 3.md; R134 - Listas llaves y amigos.md,p. 1,,,,notebook,no
"Maderna, Raúl",Raúl Maderna; Ruli Maderna,persona,Consejero / Vocal del Consejo Directivo .,2000s .,R145 - Libro actas 3.md; R134 - Listas llaves y amigos.md; R149 - Informe presentado.md,p. 1,,,,notebook,no
"Kedinger, Ana María",Ana María Kedinger; Sra. de Kedinger,persona,Consejera del Consejo Directivo de la Fundación .,Década de 1990 (p. ej. 1993) .,R024 - Serie Correspondencia E.md; R029 - Serie Correspondencia L.md,,,,,notebook,no
"Meza, Cristina",Ing. Cristina Meza,persona,Integrante del Consejo Directivo de Administración (CDA) .,2010s – 2020 .,CATÁLOGO-EFDA-SEGUNDA PARTE.pdf,p. 28,,,,notebook,no
"Garrido, Adriana",Ing. Adriana Garrido,persona,Integrante del Consejo Directivo de Administración (CDA) .,2010s – 2020 .,CATÁLOGO-EFDA-SEGUNDA PARTE.pdf,p. 28,,,,notebook,no
Carranza Torres,Ing. Carranza Torres,persona,Tesorero del Consejo Directivo de la Fundación .,Década de 1990 (p. ej. 1994) .,R023 - Serie Correspondencia D.md,,424,,José Carranza Torres,notebook,no
"Ledesma, Nélida A.",Walida A. Ledesma; Nélida L. Ledesma; Walida Ledesma; Nélida Ledesma,persona,Secretaria Administrativa del Fogón de los Arrieros .,Década de 1980 (1981-1985) .,R020 - Serie Correspondencia A.md; efda_estructura_fuentes.md,,,,,notebook,no
"Álvarez, Amanda de",Sra. Amanda de Álvarez,persona,Encargada administrativa del cobro de cuotas mensuales / cobranzas de la Fundación (Antártida Argentina 159) .,1979 – década de 1980 .,R032 - Serie Correspondencia O - P.md; R026 - Serie Correspondencia G2.md; R038 - Series Correspondencia X - Y - Z.md,,415,,Armanda de Alvarez,notebook,no
"Velardez, Eduardo",Eduardo Velardez,persona,Secretario Administrativo (Comisión Municipal de Cultura / enlace de administración) .,Décadas de 1970 – 1980 .,R017 - Boletin.md,,,,,notebook,no
"Manzur, Vilma",Vilma Manzur,persona,Secretaria de la Fundación El Fogón de los Arrieros .,1983 .,R038 - Series Correspondencia X - Y - Z.md,,,,,notebook,no
"""Señora cultérrima que vive en el barrio""","""una señora cultérrima que vive en el barrio""",persona,Vecina del barrio inmediato de la casa de los Boglietti (mencionada anónimamente por los fundadores al evocar la llegada y el matrimonio de Efraín) .,1944 / 1973 .,R002 - Guias Fogonis.md; CATÁLOGO-EFDA-SEGUNDA PARTE.pdf,p. 25; p. 5,,,,notebook,no
Vecino/a de la propiedad contigua (patio trasero),"""casa continua""",persona,Vecino/a colindante del patio trasero del Fogón (propiedad afectada por la acumulación del tacuaral) .,1998 (25 de junio de 1998) .,R027 - Serie Correspondencia H -I.md,,,,,notebook,no
"Vicente, Edgardo",Edgardo Vicente,persona,"Empleado / colaborador en instalaciones (declarado ""persona no grata"" por el Consejo Directivo en sesión del 07/10/1992) .",1992 .,R037 - Serie Correspondencia V - W.md,,,,,notebook,no
"De Acha, Raúl",Sr. Raúl De Acha,persona,"Colaborador / visitante habitual de las instalaciones (declarado ""persona no grata"" por el Consejo Directivo en sesión del 07/10/1992) .",1992 .,R023 - Serie Correspondencia D.md,,364,,Raúl de Acha,notebook,no
"Acosta, Wladimiro",Wladimiro Acosta,persona,Arquitecto; participante en mesas redondas y debates de la plástica en el EFDA,1958,CAIANA (2015)-Cantero y Giordano.pdf,p. 145,229,,Wladimiro Acosta,notebook,no
"Alonso, José",José Alonso; J. Alonso,persona,Escultor (autor del *Torso* en granito emplazado en la vereda del Club Social),1961,"R082 - Esculturas Fogon A-Z.md; CATÁLOGO-EFDA-PRIMERA PARTE.pdf; GUTIÉRREZ VIÑUALES, R. y GIORDANO, M. L. (1992). El Fogón de los Arrieros y el Plan de Embellecimiento de Resistencia durante la década del sesenta. .pdf",p. 168; p. 42,128,,José Alonso,notebook,no
"Badii, Líbero",Líbero Badii; Libero Badíi; L. Badíi,persona,"Escultor (autor de *El Alma*, emplazada en la calle J. D. Perón)",1962–1963,"R082 - Esculturas Fogon A-Z.md; GUTIÉRREZ VIÑUALES, R. y GIORDANO, M. L. (1992). El Fogón de los Arrieros y el Plan de Embellecimiento de Resistencia durante la década del sesenta. .pdf; CATÁLOGO-EFDA-SEGUNDA PARTE.pdf",p. 168; p. 53,310,,Líbero Badíi,notebook,no
"Bancalari, Noni",Noni Bancalari; Arquitecta Noni Bancalari,persona,"Arquitecta, dibujante e ilustradora de piezas de la colección del EFDA",Décadas 1970–1980,R023 - Serie Correspondencia D.md; R194 - Tarjetas fin de año.md,p. 32,,,,notebook,no
"Bigatti, Alfredo",Alfredo Bigatti,persona,"Escultor, visitante y colaborador en la selección de obras para el EFDA",1957,Gutierrez-Giordano (1992)- EL Fogon y el PLan de embellecimiento de Resistencia.pdf,p. 160,206,,Alfredo Bigatti,notebook,no
"Blotta, Herminio",Herminio Blotta,persona,Escultor (autor del bajorrelieve *Almafuerte* emplazado en el EFDA),1961,"GUTIÉRREZ VIÑUALES, R. y GIORDANO, M. L. (1992). El Fogón de los Arrieros y el Plan de Embellecimiento de Resistencia durante la década del sesenta. .pdf",p. 168,,,,notebook,no
"Butler, Horacio",Horacio Butler,persona,"Pintor, expositor y visitante en el EFDA",1957,Gutierrez-Giordano (1992)- EL Fogon y el PLan de embellecimiento de Resistencia.pdf; R121 - Periodicos y diarios con articulos sobre el Fogon.md,p. 160,,,Horacio Butler,notebook,no
"Cárcova, Carlos de la",Carlos de la Cárcova; Carlos de la Carcova,persona,"Escultor, maestro plástico y donante para el Plan de Embellecimiento",1968,"R121 - Periodicos y diarios con articulos sobre el Fogon.md; GUTIÉRREZ VIÑUALES, R. y GIORDANO, M. L. (1992). El Fogón de los Arrieros y el Plan de Embellecimiento de Resistencia durante la década del sesenta. .pdf",p. 170,,,Carlos de la Cárcova,notebook,no
"Castillo, Jacinto",Jacinto Castillo,persona,"Pintor, docente del Taller de Arte Regional UNNE y conferencista","1957, 1958",CAIANA (2015)-Cantero y Giordano.pdf; Gutierrez-Giordano (1992)- EL Fogon y el PLan de embellecimiento de Resistencia.pdf,p. 145; p. 160,113,,Jacinto Castillo,notebook,no
"Coccato, Bichi",Bichi Coccato,persona,"Diseñadora, dibujante e ilustradora de piezas de la colección para las tarjetas institucionales",Décadas 1970–1990,R023 - Serie Correspondencia D.md; R194 - Tarjetas fin de año.md,,,,,notebook,no
"Cullen Ayerza, Hernán",Hernán Cullen Ayerza; Cuyen Ayerza,persona,"Escultor (autor de *Remordimiento*, cedida en préstamo por el MNBA)",1962,R121 - Periodicos y diarios con articulos sobre el Fogon.md; R031 - Serie Correspondencia N.md,,,,,notebook,no
"Devoto, Antonio",Antonio Devoto,persona,Escultor (autor de *Maternidad* emplazada frente al Hotel Covadonga),1961,"GUTIÉRREZ VIÑUALES, R. y GIORDANO, M. L. (1992). El Fogón de los Arrieros y el Plan de Embellecimiento de Resistencia durante la década del sesenta. .pdf; ROMAGNOLI, M. (1989). Resistencia. Capital de las esculturas. .pdf",p. 13; p. 168,,,,notebook,no
"Di Segni, Franco",Franco Di Segni; Franco Di Cegní,persona,Escultor (autor del bajorrelieve en cemento blanco en el porche del EFDA),1961,R082 - Esculturas Fogon A-Z.md; CAIANA (2025)- Cantero-Reyero-Giordano.pdf,p. 38,,,Franco Di Segni,notebook,no
"Domínguez, Lorenzo",Lorenzo Domínguez,persona,"Escultor, retratista y visitante de la casa",Décadas 1940–1960,"R082 - Esculturas Fogon A-Z.md; R023 - Serie Correspondencia D.md; REYERO, A. (2013). El Fogón de los Arrieros ¿Una vanguardia despolitizada Algunas consideraciones acerca de la modernidad artística en Resistencia (1940- 1960). .pdf",p. 121,51,,Lorenzo Domínguez,notebook,no
"Dompé, Hernán",Hernán Dompé,persona,Escultor (ganador del 1° Concurso Nacional de Escultura en Madera en la Plaza 25 de Mayo),1988,"GUTIÉRREZ VIÑUALES, R. y GIORDANO, M. L. (1992). El Fogón de los Arrieros y el Plan de Embellecimiento de Resistencia durante la década del sesenta. .pdf; GIORDANO, M. (2007). Exhibir bajo las estrellas. Un Museo al aire libre.pdf",p. 136; p. 170,,,,notebook,no
"Falcini, Luis",Luis Falcini; Luis Falchini,persona,"Escultor (autor de *Mujer del éxodo*, emplazada frente al Banco del Chaco)",1962,"GUTIÉRREZ VIÑUALES, R. y GIORDANO, M. L. (1992). El Fogón de los Arrieros y el Plan de Embellecimiento de Resistencia durante la década del sesenta. .pdf; R121 - Periodicos y diarios con articulos sobre el Fogon.md",p. 168,,,,notebook,no
"Fontana, Lucio",Lucio Fontana; Fontana,persona,Escultor y pintor de vanguardia; donante de yesos y cerámicas,"1961, 1968","REYERO, A. (2013). El Fogón de los Arrieros ¿Una vanguardia despolitizada Algunas consideraciones acerca de la modernidad artística en Resistencia (1940- 1960). .pdf; R121 - Periodicos y diarios con articulos sobre el Fogon.md; GUTIÉRREZ VIÑUALES, R. y GIORDANO, M. L. (1992). El Fogón de los Arrieros y el Plan de Embellecimiento de Resistencia durante la década del sesenta. .pdf",p. 121; pp. 168,,,Lucio Fontana,notebook,no
"Forner, Raquel",Raquel Forner,persona,"Pintora de vanguardia, expositora y visitante en el EFDA",1957,Gutierrez-Giordano (1992)- EL Fogon y el PLan de embellecimiento de Resistencia.pdf,p. 160,,,Raquel Forner,notebook,no
"Forte, Vicente",Vicente Forte; Forte,persona,"Pintor (integrante del Grupo Veinte Pintores, donante y conferencista)",1963,CATÁLOGO-EFDA-PRIMERA PARTE.pdf,pp. 46–47,341,,Vicente Forte,notebook,no
"Gaimari, Enrique",Enrique Gaimari,persona,"Escultor (autor de *Mujer Andina*, emplazada en la calle Tucumán)",1961–1962,"GIORDANO, M. (2007). Exhibir bajo las estrellas. Un Museo al aire libre.pdf; R002 - Guias Fogonis.md",p. 136,444,,Enrique Gaimari,notebook,no
"Gerstein, Noemí",Noemí Gerstein; N. Gerstein,persona,"Escultora (autora de *Quimera*, emplazada frente a La Forestal)",1962,"GUTIÉRREZ VIÑUALES, R. y GIORDANO, M. L. (1992). El Fogón de los Arrieros y el Plan de Embellecimiento de Resistencia durante la década del sesenta. .pdf; R121 - Periodicos y diarios con articulos sobre el Fogon.md; CATÁLOGO-EFDA-PRIMERA PARTE.pdf",p. 168; p. 43,,,Noemí Gerstein,notebook,no
"Gómez, Fabriciano",Fabriciano Gómez; Fabriciano,persona,"Escultor chaqueño, líder de COPROAR y de la Fundación Urunday",1977 en adelante,"GUTIÉRREZ VIÑUALES, R. y GIORDANO, M. L. (1992). El Fogón de los Arrieros y el Plan de Embellecimiento de Resistencia durante la década del sesenta. .pdf; GIORDANO, M. (2007). Exhibir bajo las estrellas. Un Museo al aire libre.pdf",p. 136; pp. 170–171,492,,Fabriciano Gómez,notebook,no
"Knop, Naúm",Naúm Knop; Naum Knopp,persona,Escultor (autor del alto relieve en la rotonda bajo el atelier y de la escultura *Castigo*),"1962, 1968","GIORDANO, M. (2007). Exhibir bajo las estrellas. Un Museo al aire libre.pdf; R002 - Guias Fogonis.md",p. 136; p. 2,,,Naum Knop,notebook,no
"Leguizamón Pondal, Gonzalo",Gonzalo Leguizamón Pondal,persona,"Escultor (discípulo de Lola Mora, autor de *Flor indígena*)","1962, 1968","GUTIÉRREZ VIÑUALES, R. y GIORDANO, M. L. (1992). El Fogón de los Arrieros y el Plan de Embellecimiento de Resistencia durante la década del sesenta. .pdf; R121 - Periodicos y diarios con articulos sobre el Fogon.md; GIORDANO, M. (2007). Exhibir bajo las estrellas. Un Museo al aire libre.pdf",p. 136; pp. 168,,,,notebook,no
"Martínez, Elba",Elba Martínez,persona,"Ceramista, directora de la ejecución de la fuente-mural en la Plaza 25 de Mayo",1969,Gutierrez-Giordano (1992)- EL Fogon y el PLan de embellecimiento de Resistencia.pdf,p. 169,,,,notebook,no
"Monsegur, Raúl",Raúl Monsegur; Monsegur,persona,"Muralista, pintor (murales en la Plaza 25 de Mayo y en el patio del EFDA)","1955, 1961",CATÁLOGO-EFDA-SEGUNDA PARTE.pdf; R121 - Periodicos y diarios con articulos sobre el Fogon.md; R019 - Conferencias Homenajes.md,p. 168; pp. 37,256,,Raúl Monsegur,notebook,no
"Pampín, Martín",Martín Pampín; R. M. Pampín,persona,Ceramista (colaborador de Fernando Arranz en el armado del horno y piezas cerámicas),1958,CAIANA (2015)-Cantero y Giordano.pdf,p. 145,228,,Martín Pampín,notebook,no
"Perlotti, Luis",Luis Perlotti,persona,"Escultor (autor de *El inca*, emplazada frente al edificio municipal)",1961,"GUTIÉRREZ VIÑUALES, R. y GIORDANO, M. L. (1992). El Fogón de los Arrieros y el Plan de Embellecimiento de Resistencia durante la década del sesenta. .pdf",p. 168,,,,notebook,no
"Pettoruti, Emilio",Emilio Pettoruti; Petorutti; Pettoruti,persona,"Pintor de vanguardia, donante de litografías y del mural en la Casa de Gobierno",Décadas 1950–1960,R019 - Conferencias Homenajes.md; CATÁLOGO-EFDA-PRIMERA PARTE.pdf,p. 168; p. 49,241,,Emilio Pettoruti,notebook,no
"Pucciarelli, Mario",Mario Pucciarelli; Pucciarelli,persona,Pintor informalista (autor de obra en la colección donada por A. Libedinsky),1956,CATÁLOGO-EFDA-PRIMERA PARTE.pdf,pp. 43,,,,notebook,no
"Puig, Vicente",Vicente Puig,persona,Escultor catalán (autor de *Figura de mujer* y *Cabeza de mujer*),1961,"GUTIÉRREZ VIÑUALES, R. y GIORDANO, M. L. (1992). El Fogón de los Arrieros y el Plan de Embellecimiento de Resistencia durante la década del sesenta. .pdf; R121 - Periodicos y diarios con articulos sobre el Fogon.md; R002 - Guias Fogonis.md",p. 168,,,,notebook,no
"Puyau, Amado",Amado Puyau,persona,Escultor correntino (obras emplazadas en las calles de Resistencia),1968,"GUTIÉRREZ VIÑUALES, R. y GIORDANO, M. L. (1992). El Fogón de los Arrieros y el Plan de Embellecimiento de Resistencia durante la década del sesenta. .pdf",p. 170,,,Amado Puyau,notebook,no
"Reyes, Francisco",Francisco Reyes,persona,Escultor (autor de *Regazo* y de la escultura homenaje a Aldo Boglietti),1973–1979,R023 - Serie Correspondencia D.md; R015 - FOGON.md; R194 - Tarjetas fin de año.md,p. 33,443,,Francisco Reyes,notebook,no
"Sánchez de Bustamante, Samuel",Samuel Sánchez de Bustamante; don Sánchez de Bustamante; Sammy; Arq. Samuel Sánchez de Bustamante; Llave 215,persona,"Arquitecto, ensayista, conferencista y participante de mesas redondas",Décadas 1950–1960,"CAIANA (2015)-Cantero y Giordano.pdf; efda_estructura_fuentes.md; R035 - Serie Correspondencia S.md; Cantero, E (2016) - Tesis_doctoral.pdf",p. 145; pp. 85,215,,Samuel Sánchez Bustamante,notebook,no
"Urruchúa, Demetrio",Demetrio Urruchúa,persona,"Pintor, muralista (autor del gran mural de la sala principal del EFDA, 1954)",1954,"CAIANA (2015)-Cantero y Giordano.pdf; REYERO, A. (2013). El Fogón de los Arrieros ¿Una vanguardia despolitizada Algunas consideraciones acerca de la modernidad artística en Resistencia (1940- 1960). .pdf",p. 121; p. 37,56,,Demetrio de Urruchúa,notebook,no
"Venier, Bruno",Bruno Venier,persona,Pintor (autor de la intervención pictórica en la puerta interna del EFDA),1955,"REYERO, A. (2013). El Fogón de los Arrieros ¿Una vanguardia despolitizada Algunas consideraciones acerca de la modernidad artística en Resistencia (1940- 1960). .pdf; CATÁLOGO-EFDA-SEGUNDA PARTE.pdf",p. 121; p. 59,186,,Bruno Venier,notebook,no
Jorge Luis Borges,Borges; J. L. Borges,persona,"Escritor, poeta, conferencista (Llave 405) .","1950, 1979, 1985, 1986","R036 - Serie Correspondencia T - U.md; R060 - Recortes periodisticos 1978_79.md; R081 - Escritores.md; Cantero, E (2016) - Tesis_doctoral.pdf; GIORDANO, M.  (2012). Tiempos de modernidad en el Chaco. El Fogón de los Arrieros y su proyecto moderno, .pdf; efda_estructura_fuentes.md",p. 208; p. 59,405,,Jorge Luis Borges,notebook,no
Ernesto Sabato,Ernesto Sábato; Sabato,persona,"Escritor, ensayista, conferencista .","1981, 1993","R036 - Serie Correspondencia T - U.md; R081 - Escritores.md; efda_estructura_fuentes.md; Cantero, E (2016) - Tesis_doctoral.pdf",p. 201,312,,Ernesto Sabato,notebook,no
Rafael Alberti,Alberti,persona,"Poeta, conferencista .",s/f,R036 - Serie Correspondencia T - U.md,,,,Rafael Alberti,notebook,no
Nicolás Guillén,Guillén,persona,"Poeta, conferencista .",s/f,R036 - Serie Correspondencia T - U.md; R015 - FOGON.md,,,,Nicolás Guillén,notebook,no
Bernardo Canal Feijóo,Canal Feijoo; Canal Feijóo,persona,"Escritor, intelectual, conferencista (Llave 181) .","1950, 1960, 1972, 1980, 1982","R036 - Serie Correspondencia T - U.md; Cantero, E (2016) - Tesis_doctoral.pdf; R016 - Orden de la llave.md; R081 - Escritores.md; R022 - Serie Correspondencia C.md; R060 - Recortes periodisticos 1978_79.md; efda_estructura_fuentes.md",p. 141; p. 201,181,,Bernardo Canal Feijóo,notebook,no
Guido Arnoldo Miranda,Guido Miranda; Miranda,persona,"Escritor, ensayista, periodista, conferencista (Llave 159) .","1949, 1964, 1965, 1966, 1979, 1994","R060 - Recortes periodisticos 1978_79.md; R081 - Escritores.md; Cantero, E (2016) - Tesis_doctoral.pdf; R054 - Recortes Periodisticos 1991_94.md; efda_estructura_fuentes.md; R163 - Recortes periodisticos 1947_59.md; R165- Recortes periodisticos 1964_66.md",p. 201,159,,Guido Miranda,notebook,no
Syria Poletti,Poletti,persona,"Escritora, novelista, conferencista (Llave 391) .","1960s, 1980","R081 - Escritores.md; R016 - Orden de la llave.md; R019 - Conferencias Homenajes.md; Cantero, E (2016) - Tesis_doctoral.pdf",p. 208,391,,Syria Poletti,notebook,no
Marta Lynch,Lynch,persona,"Escritora, novelista, conferencista (Llave 354) .","1964, 1985","R016 - Orden de la llave.md; R019 - Conferencias Homenajes.md; efda_estructura_fuentes.md; Cantero, E (2016) - Tesis_doctoral.pdf; R165- Recortes periodisticos 1964_66.md",p. 203,354,,Marta Lynch,notebook,no
María Esther de Miguel,De Miguel; Maria Esther de Miguel,persona,"Escritora, novelista, conferencista (Llave 409) .","1960s, 1980","Cantero, E (2016) - Tesis_doctoral.pdf; R081 - Escritores.md; R019 - Conferencias Homenajes.md; R016 - Orden de la llave.md",p. 208,409,,María Esther de Miguel,notebook,no
Mempo Giardinelli,Giardinelli,persona,"Escritor, periodista, conferencista .","1982, 1985",efda_estructura_fuentes.md; R081 - Escritores.md; R019 - Conferencias Homenajes.md; R055 - Recortes periodisticos 1987_90.md,,,,,notebook,no
Luisa Valenzuela,Valenzuela,persona,"Escritora, periodista, conferencista (Llave 366) .","1964, 1980","R081 - Escritores.md; efda_estructura_fuentes.md; R016 - Orden de la llave.md; Cantero, E (2016) - Tesis_doctoral.pdf; R165- Recortes periodisticos 1964_66.md",p. 203,366,,Luisa Valenzuela,notebook,no
José Luis Romero,Romero,persona,"Historiador, intelectual, conferencista .",1975,R036 - Serie Correspondencia T - U.md; R081 - Escritores.md; efda_estructura_fuentes.md,,317,,José Luis Romero,notebook,no
Gregorio Weinberg,Weimberg; Weinberg,persona,"Profesor, historiador de la cultura, conferencista (Llave 369) .",1965,"R081 - Escritores.md; efda_estructura_fuentes.md; Cantero, E (2016) - Tesis_doctoral.pdf; R016 - Orden de la llave.md",p. 203,369,,Gregorio Weinberg,notebook,no
Aledo Luis Meloni,Aledo L. Meloni; Meloni,persona,"Poeta, docente .",1993,R081 - Escritores.md; efda_estructura_fuentes.md,,462,,Aledo Luis Meloni,notebook,no
Adolfo Cristaldo,Cristaldo; Rodolfo Cristaldo,persona,"Poeta, periodista, conferencista .","1949, 1979, 1981",R060 - Recortes periodisticos 1978_79.md; efda_estructura_fuentes.md; R163 - Recortes periodisticos 1947_59.md,,245,,Adolfo Cristaldo,notebook,no
Dardo Cúneo,Darde Cúneo; Cúneo,persona,"Escritor, periodista, historiador, conferencista (Llave 177) .","1949, 1993","Cantero, E (2016) - Tesis_doctoral.pdf; efda_estructura_fuentes.md; R163 - Recortes periodisticos 1947_59.md",p. 201,177,,Dardo Cúneo,notebook,no
Cayetano Córdova Iturburu,Córdova Iturburu; Policho,persona,"Crítico de arte, escritor, periodista, conferencista .","1956, 1964, 1966, 1968, 1970, 1971",R081 - Escritores.md; R060 - Recortes periodisticos 1978_79.md; R165- Recortes periodisticos 1964_66.md; R016 - Orden de la llave.md; R207 - Correspondencias bonos fogon.md,,133,,Cayetano Córdova Iturburu,notebook,no
Gustavo García Saraví,García Saraví,persona,"Escritor, poeta, conferencista (Llave 370) .","1964, 1985","efda_estructura_fuentes.md; Cantero, E (2016) - Tesis_doctoral.pdf; R016 - Orden de la llave.md; R165- Recortes periodisticos 1964_66.md",p. 203,370,,Gustavo García Saraví,notebook,no
Félix Luna,Luna,persona,"Historiador, escritor, conferencista .","1966, 1985, 1993",efda_estructura_fuentes.md,,,,,notebook,no
Miguel Brascó,Brascó; Miguelito Brascó,persona,"Poeta, escritor, humorista, abogado, conferencista .","1958, 1982",R081 - Escritores.md; R031 - Serie Correspondencia N.md; R057 - Recortes periodisticos 1982_83.md; CATÁLOGO-EFDA-PRIMERA PARTE.pdf; CATÁLOGO-EFDA-SEGUNDA PARTE.pdf,p. 65,213,,Miguel Brascó,notebook,no
Saúl Yurkievich,Savelio Yurkevich; Saverio Yurkevich; Yurkievich,persona,"Poeta, crítico literario, docente universitario, conferencista .","1949, 1958, 1985, 1992",efda_estructura_fuentes.md; CATÁLOGO-EFDA-SEGUNDA PARTE.pdf; R163 - Recortes periodisticos 1947_59.md,p. 187,,,,notebook,no
Oscar Tacca,Tacca; Prof. Oscar Tacca,persona,"Profesor, ensayista, crítico literario, conferencista .","1965, 1966, 1976, 1994",R081 - Escritores.md; efda_estructura_fuentes.md; R054 - Recortes Periodisticos 1991_94.md; R165- Recortes periodisticos 1964_66.md; R019 - Conferencias Homenajes.md,,308,,Oscar Tacca,notebook,no
Ana María Barrenechea,Berrenechea; Ana Maria,persona,"Docente universitaria, crítica literaria, investigadora (Llave 427) .","1976, 1977","Cantero, E (2016) - Tesis_doctoral.pdf; R081 - Escritores.md; R019 - Conferencias Homenajes.md; efda_estructura_fuentes.md; R021- Serie Correspondencia B.md",p. 208,427,,Ana María Barrenechea,notebook,no
Beatriz Sarlo,Sarlo,persona,"Ensayista, crítica cultural, intelectual .",s/f,R081 - Escritores.md,,,,,notebook,no
Haroldo Conti,Conti,persona,"Escritor, novelista (Llave 403) .",1960s,"Cantero, E (2016) - Tesis_doctoral.pdf; R019 - Conferencias Homenajes.md; R016 - Orden de la llave.md",p. 208,403,,Haroldo Conti,notebook,no
Iverna Codina,Codina,persona,"Escritora, novelista, conferencista (Llave 367) .","1964, 1966","efda_estructura_fuentes.md; R016 - Orden de la llave.md; R019 - Conferencias Homenajes.md; Cantero, E (2016) - Tesis_doctoral.pdf; R165- Recortes periodisticos 1964_66.md",p. 203,367,,Inverna Codina,notebook,no
Fryda Schultz de Mantovani,Fryda,persona,"Escritora, ensayista, conferencista .",1964,efda_estructura_fuentes.md; R019 - Conferencias Homenajes.md; R165- Recortes periodisticos 1964_66.md,,,,Fryda Schutlz de Mantovani,notebook,no
Juan L. Ortiz,Juanele,persona,Poeta .,"1953, 1958",R020 - Serie Correspondencia A.md; R239 - Recordes sobre EFDA 1948_2002.md,,,,,notebook,no
Damián Carlos Bayón,Damián Bayón; Damián Carlos Dayón,persona,"Crítico de arte, escritor, conferencista .","1960, 1964",R036 - Serie Correspondencia T - U.md; efda_estructura_fuentes.md; R165- Recortes periodisticos 1964_66.md; R096 - Temporada Cultural 1972_83.md,,270,,Damián Carlos Bayón,notebook,no
Federico Peltzer,Peltzer,persona,"Escritor, novelista, crítico, conferencista (Llave 393) .","1958, 1960s","R016 - Orden de la llave.md; R019 - Conferencias Homenajes.md; Cantero, E (2016) - Tesis_doctoral.pdf; R060 - Recortes periodisticos 1978_79.md",p. 208,393,,Federico Peltzer,notebook,no
Bernardo Ezekiel Koremblit,Korn Blit; Bernardo Koremblit,persona,"Escritor, ensayista, crítico (Llave 496) .",1980s,"R081 - Escritores.md; Cantero, E (2016) - Tesis_doctoral.pdf",p. 208,496,,Bernardo Koremblit,notebook,no
César Tiempo,Tiempo,persona,"Escritor, periodista, dramaturgo, conferencista .",s/f,R081 - Escritores.md; efda_estructura_fuentes.md,,93,,César Tiempo,notebook,no
Roberto Tálice,Talice,persona,"Dramaturgo, autor teatral, periodista (Llave 344) .",1960s,"R081 - Escritores.md; Cantero, E (2016) - Tesis_doctoral.pdf; R016 - Orden de la llave.md",p. 203,344,,Roberto Tálice,notebook,no
Oscar Félix Haedo,Haedo,persona,"Historiador del arte, escritor, conferencista .",1984,R081 - Escritores.md; efda_estructura_fuentes.md,,,,,notebook,no
Eduardo Gudiño Kieffer,Gudiño Kieffer; Gudiño Kimfer,persona,"Escritor, novelista (Llave 429) .",1973,"Cantero, E (2016) - Tesis_doctoral.pdf; R081 - Escritores.md; efda_estructura_fuentes.md",p. 208,429,,Eduardo Gudiño Kieffer,notebook,no
Ana Emilia Lahitte,Lahitte,persona,"Poeta, escritora (Llave 378) .",1961,"R081 - Escritores.md; R016 - Orden de la llave.md; Cantero, E (2016) - Tesis_doctoral.pdf; efda_estructura_fuentes.md",p. 203,378,,Ana Emilia Lahitte,notebook,no
Raúl H. Castagnino,Castagnino,persona,"Profesor, ensayista, crítico teatral, conferencista (Llave 394) .",1960s,"R081 - Escritores.md; R016 - Orden de la llave.md; R019 - Conferencias Homenajes.md; Cantero, E (2016) - Tesis_doctoral.pdf",p. 208,394,,Raúl H. Castagnino,notebook,no
Bernardo Verbitsky,Verbitsky; Verbitaez,persona,"Escritor, periodista (Llave 432) .",1960s,"R081 - Escritores.md; Cantero, E (2016) - Tesis_doctoral.pdf; R016 - Orden de la llave.md",p. 208,432,,Bernardo Verbitsky,notebook,no
María Angélica Bosco,Bosco,persona,"Escritora, novelista (Llave 346) .",1960s,"Cantero, E (2016) - Tesis_doctoral.pdf; R016 - Orden de la llave.md",p. 203,346,,María Angélica Bosco,notebook,no
Joaquín Gómez Bas,Gómez Bas,persona,"Escritor, novelista (Llave 342) .",1984 (fallecimiento),"efda_estructura_fuentes.md; Cantero, E (2016) - Tesis_doctoral.pdf; R016 - Orden de la llave.md",p. 203,342,,Joaquín Gómez Bas,notebook,no
Estela Quattrocchio,Quattrocchio,persona,"Escritora, poetisa, conferencista .","1947, 1949, 1950 (fallecimiento)",efda_estructura_fuentes.md; R163 - Recortes periodisticos 1947_59.md; R015 - FOGON.md,,,,,notebook,no
Arturo Umberto Illia,Arturo Illia; Presidente Illia,persona,"Político, Presidente de la Nación Argentina, visitante ilustre del Fogón","1965, c. 1960s","R096 - Temporada Cultural 1972_83.md; Cantero, E (2016) - Tesis_doctoral.pdf",p. 147,,,,notebook,no
Arturo Frondizi,Presidente Frondizi,persona,"Político, Presidente de la Nación Argentina, visitante y amigo de la casa","1958-1962, 1974, 1976","Cantero, E (2016) - Tesis_doctoral.pdf; R019 - Conferencias Homenajes.md; efda_estructura_fuentes.md",p. 147,,,,notebook,no
Jorge Rafael Videla,General Jorge Rafael Videla; Presidente Videla,persona,"Militar, Presidente de facto de la Nación, visitante de EFDA",1976,"Cantero, E (2016) - Tesis_doctoral.pdf; efda_estructura_fuentes.md",p. 147,,,,notebook,no
Alejandro Agustín Lanusse,General Alejandro Agustín Lanusse; Lanusse,persona,"Militar, Presidente de facto de la Nación, visitante de EFDA",c. 1971-1973,"Cantero, E (2016) - Tesis_doctoral.pdf; R121 - Periodicos y diarios con articulos sobre el Fogon.md",p. 147,,,,notebook,no
Antonio Facundo Serrano,General de Brigada (RE) Antonio F. Serrano; General Serrano; Facundo Serrano,persona,"Gobernador de facto de la Provincia del Chaco, visitante e inaugurador de temporadas culturales en EFDA",1976-1978,"Cantero, E (2016) - Tesis_doctoral.pdf; efda_estructura_fuentes.md; R060 - Recortes periodisticos 1978_79.md",p. 147,,,,notebook,no
José María Guido,Dr. Guido,persona,"Político, Presidente de la Nación Argentina",1962-1963,R015 - FOGON.md,,,,,notebook,no
Alberto E. Zaragoza,Diputado Alberto E. Zaragoza,persona,"Político, Diputado provincial por la UCRP",c. 1960s,R015 - FOGON.md,,,,,notebook,no
Roberto Oscar Mazza,Cnel. (RE) Roberto Oscar Mazza; Cacho Mazza,persona,"Gobernador del Chaco, militar, miembro de la Orden de la Llave N° 106","1956, 1972, 1994",efda_estructura_fuentes.md; R054 - Recortes Periodisticos 1991_94.md,,106,,Roberto Oscar Mazza,notebook,no
Alberto Torres,Dr. Alberto Torres; Dr. Torres,persona,"Médico, mecenas, gestor cultural e impulsor principal del Ateneo del Chaco",c. 1940s-1950s,"Cantero, E (2016) - Tesis_doctoral.pdf; TEMAS X (2012)-Giordano.pdf",p. 143; p. 59,146,,Alberto Torres,notebook,no
Abraham Jaroslavsky,Dr. Abraham Jaroslavsky; Nenú Jaroslavsky; Dr. Nenú Jaroslavsky,persona,"Médico, colaborador del Boletín, integrante de la Comisión Asesora de Cultura y persona retratada en escultura","1944, 1950, 1957, 1978","efda_estructura_fuentes.md; R015 - FOGON.md; R060 - Recortes periodisticos 1978_79.md; CAIANA (2025)- Cantero-Reyero-Giordano.pdf; Cantero, E (2016) - Tesis_doctoral.pdf",p. 115; p. 146,120,,Abraham Jaroslavsky,notebook,no
Nazario Maderna,Dr. Nazario Maderna,persona,"Médico, dirigente y colaborador activo del Ateneo del Chaco y del círculo fogonero",c. 1940s-1970s,"R060 - Recortes periodisticos 1978_79.md; MALUF DE MASRAMÓN, R. (1980). Nacimiento de las instituciones culturales del Chaco..pdf",p. 17,59,,Nazario (Tato) Maderna,notebook,no
Atilio Micheletti,Don Atilio; Atilio Michelluzzi,persona,Albañil de la construcción del edificio de Brown 350 y colaborador voluntario en la realización del atelier,1953-1959,CATÁLOGO-EFDA-SEGUNDA PARTE.pdf,p. 172,,,,notebook,no
Carlos Monzón,"""El Facha"" Monzón",persona,"Boxeador profesional (campeón mundial), visitante de la casa y donante de sus guantes de boxeo",c. 1970s,R121 - Periodicos y diarios con articulos sobre el Fogon.md; R019 - Conferencias Homenajes.md,,,,Carlos Monzón,notebook,no
Pelé,"Edson Arantes do Nascimento; ""El Rey"" Pelé",persona,"Futbolista internacional, figura homenajeada e integrada al acervo deportivo",c. 1970s,R121 - Periodicos y diarios con articulos sobre el Fogon.md,,,,,notebook,no
René Lion,Embajador René Lion,persona,"Diplomático, Embajador de Bélgica en Argentina, visitante de EFDA",1973,R029 - Serie Correspondencia L.md; efda_estructura_fuentes.md,,,,,notebook,no
Félix Bernard,Kilit; Aparcero Kilit,persona,"Jubilado octogenario, donante y constante colaborador económico (""manguero"") de la casa",1948-1978,R021- Serie Correspondencia B.md; efda_estructura_fuentes.md,,,,,notebook,no
Enrique G. Frers,Dr. Enrique G. Frers; Enrique Frers; Llave N° 86,persona,"Médico, integrante de la Orden de la Llave N° 86 y benefactor de la institución",1952-1958,efda_estructura_fuentes.md; R035 - Serie Correspondencia S.md,,86,,Enrique Frers,notebook,no
Marcial Alegre,Alegre Marcial,persona,Donante de los estantes de vidrio para el soporte de las tallas de Juan de Dios Mena,c. 2003-2004,R020 - Serie Correspondencia A.md,,,,,notebook,no
Juan Alberto García,,persona,Benefactor y donante de dos equipos de aire acondicionado para el salón de actos,2003,R020 - Serie Correspondencia A.md,,,,,notebook,no
Vanina Trotani,,persona,Donante de obra escultórica de su padre para el plan de emplazamiento urbano,1970,R036 - Serie Correspondencia T - U.md,,,,,notebook,no
Antonio Yurkevich,,persona,"Donante de objetos (calentador eléctrico, plancha a nafta, colador de cobre) destinados a la Feria Cambalache",1983,R038 - Series Correspondencia X - Y - Z.md,,30,,Antonio Sabelio Yurkevich,notebook,no
Horacio Mascheroni (hijo),Arq. Horacio Mascheroni (hijo); Horacio Mascheroni,persona,"Arquitecto, Tesorero del Consejo Directivo, donante e informante institucional",1995-2003,"Cantero, E (2016) - Tesis_doctoral.pdf; efda_estructura_fuentes.md; R026 - Serie Correspondencia G2.md",p. 147,78,,Humberto Horacio Mascheroni,notebook,no
Ben Silverstein,Ing. Ben Silverstein,persona,Ingeniero colaborador en las obras de construcción del edificio de Brown 350,1953,CATÁLOGO-EFDA-SEGUNDA PARTE.pdf,p. 28,,,,notebook,no
Perrito Fernando,Fernando,persona,"Perro asiduo concurrente del lugar, homenajeado con esculturas en la vía pública, retratos y entierro ceremonial",c. 1950s-1960s,"efda_estructura_fuentes.md; R015 - FOGON.md; Cantero, E (2016) - Tesis_doctoral.pdf",p. 191,,,Perrito Fernando,notebook,no
Victorio Codovilla,,persona,"Dirigente político (Partido Comunista), visitante recibido en EFDA",c. 1950s-1960s,R019 - Conferencias Homenajes.md,,,,,notebook,no
Américo Ghioldi,,persona,"Dirigente político (Partido Socialista), visitante de la casa",c. 1950s-1960s,R019 - Conferencias Homenajes.md,,395,,Américo Ghioldi,notebook,no
Carlos Sánchez Viamonte,Carlos Sanchez Viamonte,persona,"Jurista y político (Partido Socialista), visitante e intelectual acogido en el Fogón",c. 1950s-1960s,R019 - Conferencias Homenajes.md,,200,,Carlos Sánchez Viamonte,notebook,no
Carlos Sylvestre Begnis,Dr. Carlos Sylvestre Begnis; Sylvestre Begnis,persona,"Médico y político (Gobernador de Santa Fe), visitante y médico de cabecera de Juan de Dios Mena",1954,R019 - Conferencias Homenajes.md; R091 - Mena.md,,112,,Carlos Sylvestre Begnis,notebook,no
Leopoldo Portnoy,Portnoy,persona,"Economista y dirigente político, visitante y colaborador de la casa",c. 1950s-1975,R019 - Conferencias Homenajes.md; R032 - Serie Correspondencia O - P.md,,234,,Leopoldo Portnoy,notebook,no
Luis Moguillansky,,persona,Benefactor y donante de una mesa de ónix y bronce y una lámpara para financiamiento del edificio,c. 1950s,R155 - Trabajos sobre el fogon.md,,39,,Luis Moguillansky,notebook,no
Gaspar R. Bonastre,Dr. Gaspar R. Bonastre,persona,"Abogado (Fiscal ante la Cámara Federal de Resistencia), posee credencial y Llave del Fogón",1977,R021- Serie Correspondencia B.md; efda_estructura_fuentes.md,,495,,Gaspar Bonastre,notebook,no
Nicolás M. Bancalari,Noni Bancalari,persona,"Fogonero colaborador, diseñador de objetos para recaudación de fondos de EFDA; devolvió su llave en 1985","1985, 1991, 1993",efda_estructura_fuentes.md; R023 - Serie Correspondencia D.md; R016 - Orden de la llave.md; R020 - Serie Correspondencia A.md,,392,,Nicolás Bancalari,notebook,no
Bichi Cocatto,Arq. Coccatta,persona,Arquitecto y diseñador colaborador en objetos para venta benéfica e ilustraciones de interiores,"1970, 1993",R023 - Serie Correspondencia D.md; R020 - Serie Correspondencia A.md,,,,,notebook,no
Carlos A. Taboada,Dr. Carlos A. Taboada,persona,"Ministro de Justicia e Instrucción Pública del Chaco, titular de la Llave N° 90",1957-1958,"Cantero, E (2016) - Tesis_doctoral.pdf",p. 146,90,"grafía: notebook «Carlos A. Taboada» / libro Llave 90 «Taboada, Carlo Alberto»",Carlo Alberto Taboada,notebook,no
Juan José Arribillaga,Dr. Juan José Arribillaga,persona,"Presidente del Supremo Tribunal de Justicia del Chaco, Llave N° 66 y contribuyente económico","1957, 1985","Cantero, E (2016) - Tesis_doctoral.pdf; R020 - Serie Correspondencia A.md",p. 146,66,,Juan José Arribillaga,notebook,no
Yolanda de Elizondo,,persona,"Profesora de música, fundadora del Coro Polifónico de Resistencia, titular de la Llave N° 333 e integrante de la Comisión Asesora",1957-1958,"Cantero, E (2016) - Tesis_doctoral.pdf",p. 146,333,,Yolanda Elizondo,notebook,no
Osvaldo Egea,Contador Osvaldo Egea,persona,"Contador, donante de materiales para las bases de esculturas emplazadas en la vía pública",1998,R023 - Serie Correspondencia D.md,,,,,notebook,no
Wilson M. Villacorta,Ing. Wilson M. Villacorta,persona,"Funcionario de S.E.CH.E.E.P., entregó donación artesanal en madera con plaqueta alusiva",1998,efda_estructura_fuentes.md,,,,,notebook,no
José C. Echavarría,,persona,"Funcionario de S.E.CH.E.E.P., donante de pieza artesanal para el patrimonio de EFDA",1998,efda_estructura_fuentes.md,,,,,notebook,no
Ateneo del Chaco,Ateneo de Resistencia; El Ateneo,institucion,Institución cultural pionera en Resistencia y antecedente directo del Fogón. De sus tertulias y conferencias formales surgió el grupo inicial fogonero .,1938 – década de 1960,"CATÁLOGO-EFDA-PRIMERA PARTE.pdf; Cantero, E (2016) - Tesis_doctoral.pdf; GIORDANO, M.  (2012). Tiempos de modernidad en el Chaco. El Fogón de los Arrieros y su proyecto moderno, .pdf; REYERO, A. (2013). El Fogón de los Arrieros ¿Una vanguardia despolitizada Algunas consideraciones acerca de la modernidad artística en Resistencia (1940- 1960). .pdf; R015 - FOGON.md",p. 125; p. 13; p. 97; pp. 57-59,,,,notebook,no
Peña Los Bagres,La Peña de los Bagres,institucion,"Agrupación y tertulia bohemia informal creada por Gaspar Benavento, Juan de Dios Mena, Alberto Torres y otros, considerada la antesala directa del Ateneo y del Fogón .",Creada en 1936,"Cantero, E (2016) - Tesis_doctoral.pdf; CATÁLOGO-EFDA-PRIMERA PARTE.pdf; Giordano Reyero en ALTAMIRANO(2023). Arte, cultura y vanguardia en el Chaco [revisado].pdf; R133 - Folletos y Catalogos.md",p. 13; p. 171; p. 97,,,,notebook,no
Peña Nativa Martín Fierro,"Peña Martín Fierro; Peña Nativa ""Martín Fierro""",institucion,"Institución tradicionalista de difusión folclórica en Resistencia. Coexistió, compartió socios y realizó actividades conjuntas con el Fogón .",Fundada en 1945,"CATÁLOGO-EFDA-PRIMERA PARTE.pdf; GUTIÉRREZ VIÑUALES, R. y GIORDANO, M. L. (1992). El Fogón de los Arrieros y el Plan de Embellecimiento de Resistencia durante la década del sesenta. .pdf; REYERO, A. (2013). El Fogón de los Arrieros ¿Una vanguardia despolitizada Algunas consideraciones acerca de la modernidad artística en Resistencia (1940- 1960). .pdf; R017 - Boletin.md",p. 122; p. 13; p. 162,,,,notebook,no
Fundación El Fogón de los Arrieros,El Fogón de los Arrieros; EFDA; El Fogón,institucion,"Colectivo cultural y posterior fundación sin fines de lucro, centro de sociabilidad artística, museo y promotor del Plan de Embellecimiento de Resistencia .",1943/1944 (origen informal) / 20 de febrero de 1968 (institucionalización como Fundación),"GIORDANO, M.  (2012). Tiempos de modernidad en el Chaco. El Fogón de los Arrieros y su proyecto moderno, .pdf; efda_estructura_fuentes.md; CAIANA (2015)-Cantero y Giordano.pdf; CATÁLOGO-EFDA-PRIMERA PARTE.pdf; CANTERO, E. y GIORDANO, M. (2015). Colección, agencia y sociabilidad. Obras de producción espontánea en espacios funcionales de El Fogón de los Arrieros..pdf",p. 133; p. 57,,,,notebook,no
Comisión de Promoción Artística Resistencia (COPROAR),COPROAR; Coproar,institucion,Entidad impulsada por Efraín Boglietti para encauzar fondos y sostener la tercera etapa del Plan de Embellecimiento de Resistencia .,Constituida en 1977,"Cantero, E (2016) - Tesis_doctoral.pdf; GIORDANO, M. (2007). Exhibir bajo las estrellas. Un Museo al aire libre.pdf; Gutierrez-Giordano (1992)- EL Fogon y el PLan de embellecimiento de Resistencia.pdf; efda_estructura_fuentes.md",p. 127; p. 161; p. 187,,,,notebook,no
Fundación Urunday,Urunday,institucion,"Fundación organizadora de los certámenes de escultura en madera e internacionales en Resistencia, continuadora del legado de arte público de EFDA y COPROAR .",Década de 1980 – presente (mencionada activamente desde 1988-1991),"Cantero, E (2016) - Tesis_doctoral.pdf; R054 - Recortes Periodisticos 1991_94.md",p. 199,,,,notebook,no
Sociedad Argentina de Escritores - Filial Chaco,S.A.D.E. Filial Chaco; SADE local,institucion,"Filial provincial de la SADE que articuló ciclos literarios, homenajes y conferencias conjuntamente con el Fogón .",Fundada en 1942,"REYERO, A. (2013). El Fogón de los Arrieros ¿Una vanguardia despolitizada Algunas consideraciones acerca de la modernidad artística en Resistencia (1940- 1960). .pdf; efda_estructura_fuentes.md; Giordano Reyero en ALTAMIRANO(2023). Arte, cultura y vanguardia en el Chaco [revisado].pdf",p. 122; p. 172,,,,notebook,no
Taller de Artes Visuales de la UNNE,Taller de Arte Regional; Taller de Artes Visuales,institucion,"Instituto de formación artística universitaria en Resistencia; sus directores (Carlos Schenone, Eddie Torre) y docentes formaban parte del núcleo del Fogón .",Creado en 1959 (Res. Rectoral Nº 68/58),"MALUF DE MASRAMÓN, R. (1980). Nacimiento de las instituciones culturales del Chaco..pdf; REYERO, A. (2013). El Fogón de los Arrieros ¿Una vanguardia despolitizada Algunas consideraciones acerca de la modernidad artística en Resistencia (1940- 1960). .pdf; R133 - Folletos y Catalogos.md; R018 - Fallecimiento Efrain.md",p. 12; p. 131,,,,notebook,no
Teatro Experimental de El Fogón de los Arrieros,Teatro del Fogón; Elenco Teatral del Fogón,institucion,Elenco de teatro leído y vocacional creado dentro de la institución y dirigido por Hilda Torres Varela .,Fundado en 1949,"R015 - FOGON.md; GIORDANO, M.  (2012). Tiempos de modernidad en el Chaco. El Fogón de los Arrieros y su proyecto moderno, .pdf; R022 - Serie Correspondencia C.md",p. 61,,,,notebook,no
Orden de la Llave,La Orden de la Llave; Legión de Honor del Fogón,institucion,"Cofradía honoraria de socios, artistas y amigos del Fogón creada para respaldar y difundir las actividades institucionales .",Reglamentada en 1955,"efda_estructura_fuentes.md; R022 - Serie Correspondencia C.md; Cantero, E (2016) - Tesis_doctoral.pdf",p. 190,,,,notebook,no
Grupo Arte Madí,Madí; Movimiento MADI,institucion,Movimiento de vanguardia artística liderado por Gyula Kosice que realizó exposiciones en Resistencia y mantuvo estrecho contacto con el Fogón .,Exposición en 1953; vinculado en las décadas de 1950 y 1960,CATÁLOGO-EFDA-PRIMERA PARTE.pdf; CATÁLOGO-EFDA-SEGUNDA PARTE.pdf,p. 120; p. 21,,,,notebook,no
Agencia de Viajes Chacotur,Chacotur Viajes S.R.L.; Chacotur,institucion,"Empresa de viajes familiar de los hermanos Boglietti (representantes de Aerolíneas Argentinas), principal sostén económico del Fogón .",Décadas de 1950 a 1990,CAIANA (2025)- Cantero-Reyero-Giordano.pdf; efda_estructura_fuentes.md,p. 108,,,,notebook,no
Alianza Francesa de Resistencia,Alliance Française,institucion,"Institución de difusión de la cultura francesa que coauspició cine, conferencias y eventos culturales junto a EFDA .",Fundada en 1945,"R017 - Boletin.md; efda_estructura_fuentes.md; LEONI, M. L. (1995). El campo cultural chaqueño. Un análisis institucional. .pdf",p. 201,,,,notebook,no
Círculo Italiano Dante Alighieri,Círculo Dante Alighieri; Dante Alighieri,institucion,"Institución cultural dedicada a la colectividad e idioma italiano, vinculada en conferencias y festejos con el Fogón .",Fundado en 1953,"R017 - Boletin.md; LEONI, M. L. (1995). El campo cultural chaqueño. Un análisis institucional. .pdf; efda_estructura_fuentes.md",p. 201,,,,notebook,no
Rotary Club de Resistencia,Rotary Club Resistencia; Rotary Club Resistencia Oeste,institucion,Club de servicio que realizó reuniones en la sede de EFDA y otorgó distinciones a la institución y sus integrantes .,Activo desde la década de 1940,R054 - Recortes Periodisticos 1991_94.md; efda_estructura_fuentes.md,,,,,notebook,no
Cine Arte Resistencia,Cine Arte,institucion,Agrupación de difusión cinematográfica y conciertos fonoeléctricos surgida al influjo de René Brusau y vinculada a la juventud del Fogón .,Creado en 1956,"LEONI, M. L. (1995). El campo cultural chaqueño. Un análisis institucional. .pdf; R017 - Boletin.md",p. 202,,,,notebook,no
Grupo Gualamba,Gualamba,institucion,"Colectivo de artistas plásticos (Eddie Torre, Juan Carlos Soto, Lorenzo Ávalos, Oscar Sánchez) surgido en Resistencia que expuso en EFDA .",Principios de la década de 1960,"CATÁLOGO-EFDA-PRIMERA PARTE.pdf; REYERO, A. (2013). El Fogón de los Arrieros ¿Una vanguardia despolitizada Algunas consideraciones acerca de la modernidad artística en Resistencia (1940- 1960). .pdf",p. 130; p. 27,,,,notebook,no
"Teatro de Títeres ""La Pareja""","Elenco ""La Pareja""; Titiriteros La Pareja",institucion,"Compañía de títeres dirigida por Héctor y Raquel Di Mauro que realizó festivales, talleres y funciones periódicas en la sede del Fogón .",1954 (primera función en Chaco) – décadas de 1980 y 1990,efda_estructura_fuentes.md; R054 - Recortes Periodisticos 1991_94.md,,,,,notebook,no
Asociación Coral Polifónica de Resistencia,Asociación Coral Polifónica; Coro Polifónico,institucion,Agrupación coral destacada en el Chaco que ofreció recitales en las temporadas culturales de la institución .,Décadas de 1950 a 1980,R017 - Boletin.md; efda_estructura_fuentes.md,,,,,notebook,no
Instituto Browniano (Filial Chaco),Instituto Nacional Browniano,institucion,Entidad histórico-patriótica que realizó sesiones de incorporación de miembros y actos solemnes en la sede de EFDA .,Mencionada activamente en las décadas de 1980 y 1990,R054 - Recortes Periodisticos 1991_94.md; efda_estructura_fuentes.md,,,,,notebook,no
El zoológico de cristal (Tennessee Williams),El zoo de cristal / El zoológico de cristal,evento,Teatro (Puesta en escena),13 de enero de 1953,"efda_estructura_fuentes.md; GIORDANO, M.  (2012). Tiempos de modernidad en el Chaco. El Fogón de los Arrieros y su proyecto moderno, .pdf; Giordano Reyero en ALTAMIRANO(2023). Arte, cultura y vanguardia en el Chaco [revisado].pdf",p. 12; p. 63,,,,notebook,no
Llueven ladrones del cielo (Abel Santa Cruz),Llueven ladrones del cielo,evento,Teatro,3 de noviembre de 1953,efda_estructura_fuentes.md,,,,,notebook,no
El café de Pomona (Michel Perrin),El café de Pomona,evento,Teatro,20 de enero de 1954,efda_estructura_fuentes.md,,,,,notebook,no
Una mujer libre (Armand Salacrou),Una mujer libre,evento,Teatro leído,28 de junio de 1954,efda_estructura_fuentes.md,,,,,notebook,no
Cita en Senlis (Jean Anouilh),Cita en Senlis,evento,Teatro,7 de septiembre de 1954,efda_estructura_fuentes.md,,,,,notebook,no
Fin de semana / Fiebre de heno (Noël Coward),Fin de semana / Fiebre de heno,evento,Teatro (Puesta circular),16 de abril de 1955,"Giordano Reyero en ALTAMIRANO(2023). Arte, cultura y vanguardia en el Chaco [revisado].pdf; efda_estructura_fuentes.md; GIORDANO, M.  (2012). Tiempos de modernidad en el Chaco. El Fogón de los Arrieros y su proyecto moderno, .pdf",p. 12; p. 63,,,,notebook,no
Antígona (Jean Cocteau),Antígona / Antigona,evento,Teatro,15 de noviembre de 1955,efda_estructura_fuentes.md; R029 - Serie Correspondencia L.md,,,,,notebook,no
Liliom (Ferenc Molnár),Liliom,evento,Teatro,13 de septiembre de 1958,efda_estructura_fuentes.md,,,,,notebook,no
El que dice sí y el que dice no (Bertolt Brecht) / La gran furia de Felipe Hotz (Max Frisch),El que dice sí y el que dice no / La gran furia de Felipe Hotz,evento,Teatro,18 de diciembre de 1962,efda_estructura_fuentes.md,,,,,notebook,no
Interpretación del poema Fausto (Estanislao del Campo) por José Osuna Roa,Interpretación del poema Fausto,evento,Teatro / Recitado dramático,4 de junio de 1965,efda_estructura_fuentes.md,,,,,notebook,no
Ciclo teatral en Homenaje a William Shakespeare: Hubo una vez alguien llamado Falstaff,Homenaje a Shakespeare / Hubo una vez alguien llamado Falstaff,evento,Teatro,6 al 21 de diciembre de 1964,efda_estructura_fuentes.md,,,,,notebook,no
Función de títeres para adultos por El Farolito (Rosario): Historia de amor y demonio,Función de títeres para adultos / El Farolito,evento,Teatro de Títeres,2 al 8 de junio de 1970,R096 - Temporada Cultural 1972_83.md,,,,,notebook,no
Otro Tiempo Nuestro Teatro / Cuando el Teatro es mujer (Tina Helba y Eduardo Espinosa),Otro Tiempo Nuestro Teatro / Cuando el Teatro es mujer,evento,Teatro,22 y 23 de junio de 1974,R096 - Temporada Cultural 1972_83.md,,,,,notebook,no
Del juego del amor en el teatro (Lydé Lisant y Eduardo Espinosa),Del juego del amor en el teatro,evento,Teatro,11 al 13 de agosto de 1978 / 1 al 3 de septiembre de 1978,R060 - Recortes periodisticos 1978_79.md,,,,,notebook,no
Manuela la Guapa (con Estela Zelaya),Manuela la Guapa,evento,Teatro,29 de mayo de 1978 / 1 de junio de 1978,efda_estructura_fuentes.md; R060 - Recortes periodisticos 1978_79.md,,,,,notebook,no
La loca de amor (Eduardo Gómez Lestani / Chichín Obal),La loca de amor / La Loca de Amor,evento,Teatro,15 al 22 de mayo de 1978,efda_estructura_fuentes.md; R060 - Recortes periodisticos 1978_79.md,,,,,notebook,no
Espectáculo de Danza Teatro Piantos (Kozana Lucca),PIANTOS / Piantos,evento,Danza / Espectáculo Teatral,21 de abril de 1982,R096 - Temporada Cultural 1972_83.md; R057 - Recortes periodisticos 1982_83.md,,,,,notebook,no
Cuzzani el Breve (Los Comediantes del Litoral: Henri y Martha Varela),Cuzzani el Breve / Cozzani el breve,evento,Teatro,19 al 24 de abril de 1981,efda_estructura_fuentes.md; R058 - Recortes periodisticos 1981.md,,,,,notebook,no
Latinoamericamor (Tina Helba),Latinoamericamor / Latioamericamor,evento,Teatro / Poesía y Música,24 y 25 de septiembre de 1983,R096 - Temporada Cultural 1972_83.md; efda_estructura_fuentes.md; R057 - Recortes periodisticos 1982_83.md,,,,,notebook,no
Primer Festival Nacional e Internacional de Teatro de Muñecos (Coord. Héctor Di Mauro),Primer festival de teatro de muñecos / Festival de Muñecos,evento,Teatro de Títeres,6 al 11 de octubre de 1981,R096 - Temporada Cultural 1972_83.md; efda_estructura_fuentes.md; R058 - Recortes periodisticos 1981.md,,,,,notebook,no
Puesta en escena de El caballero de la mano de fuego y El pueblo que no quería ser gris,El caballero de la mano de fuego / El pueblo que no quería ser gris,evento,Teatro de Títeres,4 a 6 de octubre de 1981,R096 - Temporada Cultural 1972_83.md; efda_estructura_fuentes.md; R058 - Recortes periodisticos 1981.md,,,,,notebook,no
Audición de guitarra de Abel Fleury,Audición de guitarra / Recital de Abel Fleury,evento,Concierto / Recital Musical,11 de septiembre de 1951,efda_estructura_fuentes.md,,,,,notebook,no
Concierto de piano y flauta por Charles Mampaey y Yolanda Elizondo Pereno,Concierto de piano y flauta,evento,Concierto Musical,20 de diciembre de 1952,efda_estructura_fuentes.md,,,,,notebook,no
Recital poético de Carmen Álvarez Ibarra y concierto de guitarra de Nazario Maderna,Recital poético y concierto de guitarra,evento,Concierto / Recital Poético-Musical,11 de septiembre de 1952,efda_estructura_fuentes.md; R015 - FOGON.md,,,,,notebook,no
Recital de piano de Haydée Loustaunau,Recital de piano,evento,Concierto Musical,11 de mayo de 1958 / 18 de junio de 1961,efda_estructura_fuentes.md; R164- Recortes periodisticos 1960_63.md,,,,,notebook,no
Concierto de piano de Raúl Spivak,Concierto de piano / Raúl Spivak,evento,Concierto Musical,27 de septiembre de 1958,efda_estructura_fuentes.md,,,,,notebook,no
"Actuación musical de Herminio Giménez, Damasio Esquivel y Argentinita Fernández",Actuación de Herminio Giménez y conjunto,evento,Concierto / Música Folklórica,9 a 12 de diciembre de 1960,efda_estructura_fuentes.md; R164- Recortes periodisticos 1960_63.md,,,,,notebook,no
Concierto de Bandoneón por Alejandro Barletta,Concierto de bandoneón / Alejandro Barletta,evento,Concierto Musical,25 de noviembre de 1980 / 2 a 7 de agosto de 1986,R096 - Temporada Cultural 1972_83.md; efda_estructura_fuentes.md; R095 - Temporada Cultural 1983_99.md; R088 - Musica.md; R056 - Recortes periodisticos 1984_86.md,,,,,notebook,no
Concierto del Cuarteto de Cuerdas Boccherini,Concierto Cuarteto de cuerdas Boccherini,evento,Concierto de Música de Cámara,25 de junio de 1982,R096 - Temporada Cultural 1972_83.md; R057 - Recortes periodisticos 1982_83.md,,,,,notebook,no
Recital de Canto Lírico por Catalina Gerber,Catalina Gerber en El Fogón / Canto lírico,evento,Concierto / Canto Lírico,13 a 16 de septiembre de 1982,efda_estructura_fuentes.md; R057 - Recortes periodisticos 1982_83.md; R030 - Serie Correspondencia M.md,,,,,notebook,no
Recital de Canciones de Jacques Brel por Marilín Mancebo,Actuación de Marilín Mancebo / Canciones de Jacques Brel,evento,Concierto / Recital Musical,13 a 20 de diciembre de 1981 / 7 de noviembre de 1996,efda_estructura_fuentes.md; R058 - Recortes periodisticos 1981.md; R095 - Temporada Cultural 1983_99.md,,,,,notebook,no
Festival de Música Progresiva por el conjunto Cha-Rock,Festival de Música Progresiva / Cha-Rock,evento,Concierto de Rock,4 de junio de 1974,R096 - Temporada Cultural 1972_83.md,,,,,notebook,no
Recital de Guitarra Clásica por Máximo Pujol,Concierto de guitarra / Pujol; Diego Máximo,evento,Concierto de Guitarra,24 de agosto de 1989,R095 - Temporada Cultural 1983_99.md; R055 - Recortes periodisticos 1987_90.md; efda_estructura_fuentes.md,,,,,notebook,no
Exposición de Dibujos de Roberto Simmons,Exposición: árboles y dibujos de Roberto Simmons,evento,Exposición Plástica,10 de noviembre de 1960,efda_estructura_fuentes.md,,,,,notebook,no
"Muestra Pictórica de Presas, Uriarte, Forte, Cogorno, Alonso y Cochet",Muestra pictórica obras de Presas; Uriarte; Forte; Cogorno; Alonso; Cochet,evento,Exposición de Pintura,22 a 25 de junio de 1980,R096 - Temporada Cultural 1972_83.md,,,,,notebook,no
Exposición de Óleos y Conferencia sobre Métodos Plásticos por Oscar Capristo,Exposición de cuadros de Oscar Capristo / Muestra de Oscar Capristo,evento,Exposición de Pintura,10 a 23 de mayo de 1981,efda_estructura_fuentes.md; R058 - Recortes periodisticos 1981.md; CATÁLOGO-EFDA-PRIMERA PARTE.pdf,pp. 60-62,,,,notebook,no
"Exposición y Venta de Cuadros, Libros, Discos, Afiches y Reproducciones",Exposición Plástica / Feria Exposición Plástica / Feria Cambalache,evento,Exposición / Feria de Arte y Objetos,11 a 18 de septiembre de 1982 / 29 de noviembre a 4 de diciembre de 1982,R096 - Temporada Cultural 1972_83.md; efda_estructura_fuentes.md; R057 - Recortes periodisticos 1982_83.md; R060 - Recortes periodisticos 1978_79.md,,,,,notebook,no
"Muestra de Tallas de Juan de Dios Mena en la sede del Automóvil Club Argentino (ACA, Buenos Aires)",Muestra de Mena en el A.C.A. / Muestra de Tallas de Juan de Dios Mena,evento,Exposición de Escultura / Tallas,25 de marzo a 5 de abril de 1965,efda_estructura_fuentes.md; R165- Recortes periodisticos 1964_66.md; CATÁLOGO-EFDA-PRIMERA PARTE.pdf,p. 2,,,,notebook,no
Exposición de Fotomurales de Rekos,,evento,Exposición Fotográfica,9 de agosto de 1964,efda_estructura_fuentes.md; R165- Recortes periodisticos 1964_66.md,,,,,notebook,no
Exposición Bibliográfica sobre Horacio Quiroga,Muestra bibliográfica y Conferencia sobre Horacio Quiroga,evento,Exposición Bibliográfica,13 de octubre de 1964,efda_estructura_fuentes.md,,,,,notebook,no
"Muestra: Chaco en Buenos Aires. Ícono del Chaco: El Fogón de los Arrieros (Casa del Chaco, CABA)",Exposición Chaco en Buenos Aires / El Fogón de los Arrieros en Casa del Chaco,evento,Exposición de Arte e Historia,23 de julio al 30 de septiembre de 2015,R194 - Tarjetas fin de año.md; CATÁLOGO-EFDA-PRIMERA PARTE.pdf,p. 1,,,,notebook,no
Grete Stern,"G. Stern; ""la fotógrafa alemana Grete Stern""",fotografo,"Fotógrafa profesional y artista (integrante de la Orden de la Llave, Llave 231). Realizó la serie *Autofogonías* (""juego de interiores"", 1958) para la venta de porciones del Fogón, fotomontajes para la tapa del Boletín EFDA, el ensayo fotográfico de las esculturas urbanas de Resistencia (1964), retratos de los miembros del núcleo fogonero y de comunidades indígenas (1958), y la conferencia ""Datos sobre la fotografía"" (13/05/1960) .",1958–1964,"R015 - FOGON.md; R194 - Tarjetas fin de año.md; CAIANA (2025)- Cantero-Reyero-Giordano.pdf; CATÁLOGO-EFDA-PRIMERA PARTE.pdf; Cantero, E (2016) - Tesis_doctoral.pdf; GIORDANO, M.  (2012). Tiempos de modernidad en el Chaco. El Fogón de los Arrieros y su proyecto moderno, .pdf; Giordano Reyero en ALTAMIRANO(2023). Arte, cultura y vanguardia en el Chaco [revisado].pdf; TEMAS X (2012)-Giordano.pdf; Temas_XX (2023)-GIordano_y_Cantero.pdf",p. 12; pp. 105-125; pp. 46; pp. 85-103,231,,Grete Stern,notebook,no
Pablo Boschetti / Estudio Boschetti,Pablo Boschetti; Foto Pablo Boschetti; Estudio Boschetti; Sr. Boschetti,fotografo,"Fotógrafo comercial y estudio fotográfico. Fotógrafo oficial de las conferencias, homenajes y visitas ilustres al Fogón (Jorge Luis Borges en 1950, Jorge Romero Brest en 1962, etc.) y de las actividades del Plan de Embellecimiento de Resistencia (Monumento al Inmigrante) .",ca. 1950–1968,"GIORDANO, M.  (2012). Tiempos de modernidad en el Chaco. El Fogón de los Arrieros y su proyecto moderno, .pdf; TEMAS X (2012)-Giordano.pdf; Temas_XX (2023)-GIordano_y_Cantero.pdf; CATÁLOGO-EFDA-PRIMERA PARTE.pdf",p. 12; p. 59; p. 60; pp. 91-94,,,,notebook,no
J. D. Barnell,Foto: J. D. Barnell,fotografo,Fotógrafo enviado por la revista *Selecciones del Reader's Digest*. Autor de la fotografía en color del interior del hall del Fogón de los Arrieros con los artistas produciendo *in situ* (portada y contratapa de febrero de 1959) .,1958–febrero de 1959,CAIANA (2025)- Cantero-Reyero-Giordano.pdf; R121 - Periodicos y diarios con articulos sobre el Fogon.md,p. 10; p. 107,,,,notebook,no
Antonio Carrillo,Carrillo; Antonio; Fotógrafo Antonio Carrillo,fotografo,Fotógrafo. Miembro de la Orden del Fogón de los Arrieros (Llave 325) . Registrado en visita oficial al Fogón de los Arrieros.,Octubre de 1961,R015 - FOGON.md,p. 122,325,,Antonio Carrillo,notebook,no
Ricardo Frigerio,Arquitecto Ricardo Frigerio; FOTOGRAFIA ARQUITECTO RICARDO FRIGERIO,fotografo,Arquitecto y fotógrafo. Capturó fotografías del edificio e interiores utilizadas en las tarjetas institucionales de saludo de fin de año de El Fogón de los Arrieros .,1963–1964,R194 - Tarjetas fin de año.md,,,,,notebook,no
Estudio Hernando,"Firma ""Hernando; Cba""; Hernando; Cba",fotografo,"Estudio fotográfico (Córdoba). Realizó el registro fotográfico histórico de los espacios arquitectónicos del ""Fogón nuevo"", como el hall principal con el panel de René Brusau (1957) y la rampa de acceso al Atelier (1956) .",1956–1957,CAIANA (2025)- Cantero-Reyero-Giordano.pdf,pp. 105-125,,,,notebook,no
Cinefoto (Organización Fotográfica Cinefoto),"Cinefoto; sistema ""CINEFOTO""; Organización Fotográfica Cinefoto",fotografo,"Taller y estudio de fotografía comercial en Resistencia (C. Pellegrini 79). Ofrecía servicios fotográficos a domicilio, fotocopias y retratos (""sistema Cinefoto""), registrando obras y murales del patrimonio del Fogón (ej. mural de Emilio Pettoruti) .",Octubre de 1962,R078 - Pettoruti.md,pp. 56,,,,notebook,no
Zulma Valsecia,Valsecia; Zulma,fotografo,Fotógrafa correntina de trayectoria internacional. Presentó en la Subsecretaría de Cultura y en El Fogón de los Arrieros una exposición de 40 obras fotográficas a color sobre Estados Unidos .,1978–1979,efda_estructura_fuentes.md,p. 389,,,,notebook,no
Pedro Luis Raota / José Luis Raota,Raota; José L.,fotografo,Fotógrafo. Disertante en la charla-debate sobre fotografía realizada en la sede de El Fogón de los Arrieros .,24 de marzo de 1987,efda_estructura_fuentes.md,pp. 139,,,,notebook,no
Osvaldo César Borroni,Osvaldo Boroni; Dr. Osvaldo César Borroni,fotografo,"Médico cardiólogo y fotógrafo (socio del Foto Club Corrientes). Realizador y disertante de audiovisuales fotográficos en El Fogón (""El Mundo de Wingate Paine"" y ""Fotografía Comprometida"") .",2 de noviembre de 1979,efda_estructura_fuentes.md; R060 - Recortes periodisticos 1978_79.md,pp. 31,,,,notebook,no
Foto Club Corrientes,Foto Club de la ciudad de Corrientes,fotografo,Agrupación e institución fotográfica de Corrientes. Presentó muestras y trabajos audiovisuales fotográficos en el Fogón de los Arrieros .,2 de noviembre de 1979,efda_estructura_fuentes.md; R060 - Recortes periodisticos 1978_79.md,p. 31,,,,notebook,no
Alberto Torres,"Dr. Alberto Torres; Don Alberto Torres; ""el médico fotógrafo Don Alberto Torres""",fotografo,"Médico, fotógrafo aficionado, mecenas e impulsor del Ateneo del Chaco y del Fogón de los Arrieros .",Década de 1940–1950,"GIORDANO, M.  (2012). Tiempos de modernidad en el Chaco. El Fogón de los Arrieros y su proyecto moderno, .pdf; TEMAS X (2012)-Giordano.pdf",p. 430; p. 59,146,,Alberto Torres,notebook,no
René Oscar Cisneros,,fotografo,Fotógrafo. Testimoniante consultado en la prensa sobre el valor cultural e institucional de El Fogón de los Arrieros .,1978–1979,efda_estructura_fuentes.md,p. 694,,,,notebook,no
Nora Cano,,fotografo,Fotógrafa contemporánea. Crédito fotográfico del equipo de registro y catalogación del patrimonio artístico de El Fogón de los Arrieros .,2018,CATÁLOGO-EFDA-PRIMERA PARTE.pdf,p. 4,,,,notebook,no
Yamila Giménez,,fotografo,Fotógrafa contemporánea. Crédito fotográfico de la catalogación del patrimonio artístico de El Fogón de los Arrieros .,2018,CATÁLOGO-EFDA-PRIMERA PARTE.pdf,p. 4,,,,notebook,no
Andrés Ivancovich,,fotografo,Fotógrafo contemporáneo. Crédito fotográfico en la publicación del catálogo patrimonial de El Fogón de los Arrieros .,2018,CATÁLOGO-EFDA-PRIMERA PARTE.pdf,p. 4,,,,notebook,no
Florencia Bordón Lanzoni,,fotografo,Fotógrafa contemporánea. Crédito fotográfico del equipo de investigación y catalogación de obras de El Fogón .,2018,CATÁLOGO-EFDA-PRIMERA PARTE.pdf,p. 4,,,,notebook,no
Marcos Madrid,Foto: Marcos Madrid,fotografo,Fotógrafo contemporáneo. Registró imágenes de la arquitectura y del hall de acceso hacia el bar de El Fogón de los Arrieros .,2000,"GIORDANO, M. (2000) - Arte chaqueño_ sin tradiciones pero con empuje.pdf",p. 36,,,,notebook,no
María Andrea Ypa,Fotografía: María Andrea Ypa,fotografo,Fotógrafa e investigadora. Registro fotográfico de obras y espacios del edificio (puerta de ingreso) para la catalogación patrimonial .,2022,CATÁLOGO-EFDA-SEGUNDA PARTE.pdf,p. 88,,,,notebook,no
Mariana Giordano,Fotografía Mariana Giordano,fotografo,"Historiadora, investigadora y fotógrafa de registro patrimonial. Registró vistas expográficas de la ""Pieza de Mena"" en la planta alta del edificio .",2024,CAIANA (2025)- Cantero-Reyero-Giordano.pdf,,,,,notebook,no
Emanuel Cantero,Fotografía del autor (Emanuel Cantero),fotografo,"Investigador y fotógrafo de registro patrimonial. Registró el conjunto expográfico de fotografías de visitantes ilustres bajo la etiqueta ""Defraudaciones y estafas"" .",2020,"Cantero, E (2016) - Tesis_doctoral.pdf",p. 148,,,,notebook,no
